i,k,density,pressure,temperature,velocity_x,velocity_y,velocity_z,magnetic_x,magnetic_y,magnetic_z
0,0,1,1,1,nan,-nan(ind),-nan(ind),0.575,0.575,0
0,1,1,1.03333,1.03333,-nan(ind),-nan(ind),-nan(ind),0.575,0.575,0
0,2,1,1.06667,1.06667,nan,-nan(ind),nan,0.575,0.575,0
0,3,1,1.1,1.1,nan,-nan(ind),-nan(ind),0.575,0.575,0
0,4,1,1.13333,1.13333,-nan(ind),-nan(ind),-nan(ind),0.575,0.575,0
0,5,1,1.16667,1.16667,-nan(ind),-nan(ind),nan,0.575,0.575,0
0,6,1,1.2,1.2,nan,-nan(ind),-nan(ind),0.575,0.575,0
0,7,1,1.23333,1.23333,-nan(ind),-nan(ind),nan,0.575,0.575,0
0,8,1,1.26667,1.26667,nan,-nan(ind),nan,0.575,0.575,0
0,9,1,1.3,1.3,-nan(ind),-nan(ind),-nan(ind),0.575,0.575,0
0,10,1,1.33333,1.33333,nan,-nan(ind),nan,0.575,0.575,0
0,11,1,1.36667,1.36667,-nan(ind),-nan(ind),-nan(ind),0.575,0.575,0
0,12,1,1.4,1.4,-nan(ind),-nan(ind),nan,0.575,0.575,0
0,13,1,1.43333,1.43333,nan,-nan(ind),nan,0.575,0.575,0
0,14,1,1.46667,1.46667,-nan(ind),-nan(ind),-nan(ind),0.575,0.575,0
0,15,1,1.5,1.5,-nan(ind),-nan(ind),nan,0.575,0.575,0
0,16,1,1.53333,1.53333,nan,-nan(ind),nan,0.575,0.575,0
0,17,1,1.56667,1.56667,nan,-nan(ind),-nan(ind),0.575,0.575,0
0,18,1,1.6,1.6,-nan(ind),-nan(ind),-nan(ind),0.575,0.575,0
0,19,1,1.63333,1.63333,nan,-nan(ind),nan,0.575,0.575,0
0,20,1,1.66667,1.66667,-nan(ind),-nan(ind),-nan(ind),0.575,0.575,0
0,21,1,1.7,1.7,nan,-nan(ind),nan,0.575,0.575,0
0,22,1,1.73333,1.73333,-nan(ind),-nan(ind),-nan(ind),0.575,0.575,0
0,23,1,1.76667,1.76667,nan,-nan(ind),nan,0.575,0.575,0
0,24,1,1.8,1.8,-nan(ind),-nan(ind),-nan(ind),0.575,0.575,0
0,25,1,1.83333,1.83333,nan,-nan(ind),nan,0.575,0.575,0
0,26,1,1.86667,1.86667,-nan(ind),-nan(ind),-nan(ind),0.575,0.575,0
0,27,1,1.9,1.9,nan,-nan(ind),nan,0.575,0.575,0
0,28,1,1.93333,1.93333,nan,-nan(ind),-nan(ind),0.575,0.575,0
0,29,1,1.96667,1.96667,-nan(ind),-nan(ind),-nan(ind),0.575,0.575,0
1,0,1.01667,1.01667,1,-nan(ind),-nan(ind),nan,0.575,0.575,0
1,1,1.01667,1.05056,1.03333,nan,nan,-nan(ind),0.575,0.575,0
1,2,1.01667,1.08444,1.06667,-nan(ind),nan,-nan(ind),0.575,0.575,0
1,3,1.01667,1.11833,1.1,-nan(ind),-nan(ind),nan,0.575,0.575,0
1,4,1.01667,1.15222,1.13333,nan,-nan(ind),nan,0.575,0.575,0
1,5,1.01667,1.18611,1.16667,nan,nan,-nan(ind),0.575,0.575,0
1,6,1.01667,1.22,1.2,-nan(ind),-nan(ind),nan,0.575,0.575,0
1,7,1.01667,1.25389,1.23333,nan,nan,-nan(ind),0.575,0.575,0
1,8,1.01667,1.28778,1.26667,-nan(ind),-nan(ind),-nan(ind),0.575,0.575,0
1,9,1.01667,1.32167,1.3,nan,nan,nan,0.575,0.575,0
1,10,1.01667,1.35556,1.33333,-nan(ind),-nan(ind),-nan(ind),0.575,0.575,0
1,11,1.01667,1.38944,1.36667,nan,-nan(ind),nan,0.575,0.575,0
1,12,1.01667,1.42333,1.4,nan,nan,-nan(ind),0.575,0.575,0
1,13,1.01667,1.45722,1.43333,-nan(ind),-nan(ind),-nan(ind),0.575,0.575,0
1,14,1.01667,1.49111,1.46667,nan,-nan(ind),nan,0.575,0.575,0
1,15,1.01667,1.525,1.5,nan,nan,-nan(ind),0.575,0.575,0
1,16,1.01667,1.55889,1.53333,-nan(ind),nan,-nan(ind),0.575,0.575,0
1,17,1.01667,1.59278,1.56667,-nan(ind),-nan(ind),nan,0.575,0.575,0
1,18,1.01667,1.62667,1.6,nan,nan,nan,0.575,0.575,0
1,19,1.01667,1.66056,1.63333,-nan(ind),-nan(ind),-nan(ind),0.575,0.575,0
1,20,1.01667,1.69444,1.66667,nan,nan,nan,0.575,0.575,0
1,21,1.01667,1.72833,1.7,-nan(ind),-nan(ind),-nan(ind),0.575,0.575,0
1,22,1.01667,1.76222,1.73333,nan,nan,nan,0.575,0.575,0
1,23,1.01667,1.79611,1.76667,-nan(ind),-nan(ind),-nan(ind),0.575,0.575,0
1,24,1.01667,1.83,1.8,nan,nan,nan,0.575,0.575,0
1,25,1.01667,1.86389,1.83333,-nan(ind),-nan(ind),-nan(ind),0.575,0.575,0
1,26,1.01667,1.89778,1.86667,nan,nan,nan,0.575,0.575,0
1,27,1.01667,1.93167,1.9,-nan(ind),nan,-nan(ind),0.575,0.575,0
1,28,1.01667,1.96556,1.93333,-nan(ind),-nan(ind),nan,0.575,0.575,0
1,29,1.01667,1.99944,1.96667,nan,nan,-nan(ind),0.575,0.575,0
2,0,1.03333,1.03333,1,nan,nan,-nan(ind),0.575,0.575,0
2,1,1.03333,1.06778,1.03333,-nan(ind),-nan(ind),nan,0.575,0.575,0
2,2,1.03333,1.10222,1.06667,nan,-nan(ind),nan,0.575,0.575,0
2,3,1.03333,1.13667,1.1,nan,nan,-nan(ind),0.575,0.575,0
2,4,1.03333,1.17111,1.13333,-nan(ind),nan,-nan(ind),0.575,0.575,0
2,5,1.03333,1.20556,1.16667,-nan(ind),-nan(ind),nan,0.575,0.575,0
2,6,1.03333,1.24,1.2,nan,nan,-nan(ind),0.575,0.575,0
2,7,1.03333,1.27444,1.23333,-nan(ind),-nan(ind),nan,0.575,0.575,0
2,8,1.03333,1.30889,1.26667,nan,nan,nan,0.575,0.575,0
2,9,1.03333,1.34333,1.3,-nan(ind),-nan(ind),-nan(ind),0.575,0.575,0
2,10,1.03333,1.37778,1.33333,nan,nan,nan,0.575,0.575,0
2,11,1.03333,1.41222,1.36667,-nan(ind),nan,-nan(ind),0.575,0.575,0
2,12,1.03333,1.44667,1.4,-nan(ind),-nan(ind),nan,0.575,0.575,0
2,13,1.03333,1.48111,1.43333,nan,nan,nan,0.575,0.575,0
2,14,1.03333,1.51556,1.46667,-nan(ind),nan,-nan(ind),0.575,0.575,0
2,15,1.03333,1.55,1.5,-nan(ind),-nan(ind),nan,0.575,0.575,0
2,16,1.03333,1.58444,1.53333,nan,-nan(ind),nan,0.575,0.575,0
2,17,1.03333,1.61889,1.56667,nan,nan,-nan(ind),0.575,0.575,0
2,18,1.03333,1.65333,1.6,-nan(ind),-nan(ind),-nan(ind),0.575,0.575,0
2,19,1.03333,1.68778,1.63333,nan,nan,nan,0.575,0.575,0
2,20,1.03333,1.72222,1.66667,-nan(ind),-nan(ind),-nan(ind),0.575,0.575,0
2,21,1.03333,1.75667,1.7,nan,nan,nan,0.575,0.575,0
2,22,1.03333,1.79111,1.73333,-nan(ind),-nan(ind),-nan(ind),0.575,0.575,0
2,23,1.03333,1.82556,1.76667,nan,nan,nan,0.575,0.575,0
2,24,1.03333,1.86,1.8,-nan(ind),-nan(ind),-nan(ind),0.575,0.575,0
2,25,1.03333,1.89444,1.83333,nan,nan,nan,0.575,0.575,0
2,26,1.03333,1.92889,1.86667,-nan(ind),-nan(ind),-nan(ind),0.575,0.575,0
2,27,1.03333,1.96333,1.9,nan,-nan(ind),nan,0.575,0.575,0
2,28,1.03333,1.99778,1.93333,nan,nan,-nan(ind),0.575,0.575,0
2,29,1.03333,2.03222,1.96667,-nan(ind),-nan(ind),nan,0.575,0.575,0
3,0,1.05,1.05,1,-nan(ind),-nan(ind),nan,0.575,0.575,0
3,1,1.05,1.085,1.03333,nan,nan,nan,0.575,0.575,0
3,2,1.05,1.12,1.06667,-nan(ind),nan,-nan(ind),0.575,0.575,0
3,3,1.05,1.155,1.1,-nan(ind),-nan(ind),nan,0.575,0.575,0
3,4,1.05,1.19,1.13333,nan,-nan(ind),nan,0.575,0.575,0
3,5,1.05,1.225,1.16667,nan,nan,-nan(ind),0.575,0.575,0
3,6,1.05,1.26,1.2,-nan(ind),-nan(ind),nan,0.575,0.575,0
3,7,1.05,1.295,1.23333,nan,nan,-nan(ind),0.575,0.575,0
3,8,1.05,1.33,1.26667,-nan(ind),-nan(ind),-nan(ind),0.575,0.575,0
3,9,1.05,1.365,1.3,nan,nan,nan,0.575,0.575,0
3,10,1.05,1.4,1.33333,-nan(ind),-nan(ind),-nan(ind),0.575,0.575,0
3,11,1.05,1.435,1.36667,nan,-nan(ind),nan,0.575,0.575,0
3,12,1.05,1.47,1.4,nan,nan,-nan(ind),0.575,0.575,0
3,13,1.05,1.505,1.43333,-nan(ind),-nan(ind),-nan(ind),0.575,0.575,0
3,14,1.05,1.54,1.46667,nan,-nan(ind),nan,0.575,0.575,0
3,15,1.05,1.575,1.5,nan,nan,-nan(ind),0.575,0.575,0
3,16,1.05,1.61,1.53333,-nan(ind),nan,-nan(ind),0.575,0.575,0
3,17,1.05,1.645,1.56667,-nan(ind),-nan(ind),nan,0.575,0.575,0
3,18,1.05,1.68,1.6,nan,nan,nan,0.575,0.575,0
3,19,1.05,1.715,1.63333,-nan(ind),-nan(ind),-nan(ind),0.575,0.575,0
3,20,1.05,1.75,1.66667,nan,nan,nan,0.575,0.575,0
3,21,1.05,1.785,1.7,-nan(ind),-nan(ind),-nan(ind),0.575,0.575,0
3,22,1.05,1.82,1.73333,nan,nan,nan,0.575,0.575,0
3,23,1.05,1.855,1.76667,-nan(ind),-nan(ind),-nan(ind),0.575,0.575,0
3,24,1.05,1.89,1.8,nan,nan,nan,0.575,0.575,0
3,25,1.05,1.925,1.83333,-nan(ind),-nan(ind),-nan(ind),0.575,0.575,0
3,26,1.05,1.96,1.86667,nan,nan,nan,0.575,0.575,0
3,27,1.05,1.995,1.9,-nan(ind),nan,-nan(ind),0.575,0.575,0
3,28,1.05,2.03,1.93333,-nan(ind),-nan(ind),nan,0.575,0.575,0
3,29,1.05,2.065,1.96667,nan,nan,nan,0.575,0.575,0
4,0,1.06667,1.06667,1,nan,nan,-nan(ind),0.575,0.575,0
4,1,1.06667,1.10222,1.03333,-nan(ind),-nan(ind),-nan(ind),0.575,0.575,0
4,2,1.06667,1.13778,1.06667,nan,-nan(ind),nan,0.575,0.575,0
4,3,1.06667,1.17333,1.1,nan,nan,-nan(ind),0.575,0.575,0
4,4,1.06667,1.20889,1.13333,-nan(ind),nan,-nan(ind),0.575,0.575,0
4,5,1.06667,1.24444,1.16667,-nan(ind),-nan(ind),nan,0.575,0.575,0
4,6,1.06667,1.28,1.2,nan,nan,-nan(ind),0.575,0.575,0
4,7,1.06667,1.31556,1.23333,-nan(ind),-nan(ind),nan,0.575,0.575,0
4,8,1.06667,1.35111,1.26667,nan,nan,nan,0.575,0.575,0
4,9,1.06667,1.38667,1.3,-nan(ind),-nan(ind),-nan(ind),0.575,0.575,0
4,10,1.06667,1.42222,1.33333,nan,nan,nan,0.575,0.575,0
4,11,1.06667,1.45778,1.36667,-nan(ind),nan,-nan(ind),0.575,0.575,0
4,12,1.06667,1.49333,1.4,-nan(ind),-nan(ind),nan,0.575,0.575,0
4,13,1.06667,1.52889,1.43333,nan,nan,nan,0.575,0.575,0
4,14,1.06667,1.56444,1.46667,-nan(ind),nan,-nan(ind),0.575,0.575,0
4,15,1.06667,1.6,1.5,-nan(ind),-nan(ind),nan,0.575,0.575,0
4,16,1.06667,1.63556,1.53333,nan,-nan(ind),nan,0.575,0.575,0
4,17,1.06667,1.67111,1.56667,nan,nan,-nan(ind),0.575,0.575,0
4,18,1.06667,1.70667,1.6,-nan(ind),-nan(ind),-nan(ind),0.575,0.575,0
4,19,1.06667,1.74222,1.63333,nan,nan,nan,0.575,0.575,0
4,20,1.06667,1.77778,1.66667,-nan(ind),-nan(ind),-nan(ind),0.575,0.575,0
4,21,1.06667,1.81333,1.7,nan,nan,nan,0.575,0.575,0
4,22,1.06667,1.84889,1.73333,-nan(ind),-nan(ind),-nan(ind),0.575,0.575,0
4,23,1.06667,1.88444,1.76667,nan,nan,nan,0.575,0.575,0
4,24,1.06667,1.92,1.8,-nan(ind),-nan(ind),-nan(ind),0.575,0.575,0
4,25,1.06667,1.95556,1.83333,nan,nan,nan,0.575,0.575,0
4,26,1.06667,1.99111,1.86667,-nan(ind),-nan(ind),-nan(ind),0.575,0.575,0
4,27,1.06667,2.02667,1.9,nan,-nan(ind),nan,0.575,0.575,0
4,28,1.06667,2.06222,1.93333,nan,nan,-nan(ind),0.575,0.575,0
4,29,1.06667,2.09778,1.96667,-nan(ind),-nan(ind),-nan(ind),0.575,0.575,0
5,0,1.08333,1.08333,1,-nan(ind),-nan(ind),nan,0.575,0.575,0
5,1,1.08333,1.11944,1.03333,nan,nan,nan,0.575,0.575,0
5,2,1.08333,1.15556,1.06667,-nan(ind),nan,-nan(ind),0.575,0.575,0
5,3,1.08333,1.19167,1.1,-nan(ind),-nan(ind),nan,0.575,0.575,0
5,4,1.08333,1.22778,1.13333,nan,-nan(ind),nan,0.575,0.575,0
5,5,1.08333,1.26389,1.16667,nan,nan,-nan(ind),0.575,0.575,0
5,6,1.08333,1.3,1.2,-nan(ind),-nan(ind),nan,0.575,0.575,0
5,7,1.08333,1.33611,1.23333,nan,nan,-nan(ind),0.575,0.575,0
5,8,1.08333,1.37222,1.26667,-nan(ind),-nan(ind),-nan(ind),0.575,0.575,0
5,9,1.08333,1.40833,1.3,nan,nan,nan,0.575,0.575,0
5,10,1.08333,1.44444,1.33333,-nan(ind),-nan(ind),-nan(ind),0.575,0.575,0
5,11,1.08333,1.48056,1.36667,nan,-nan(ind),nan,0.575,0.575,0
5,12,1.08333,1.51667,1.4,nan,nan,-nan(ind),0.575,0.575,0
5,13,1.08333,1.55278,1.43333,-nan(ind),-nan(ind),-nan(ind),0.575,0.575,0
5,14,1.08333,1.58889,1.46667,nan,-nan(ind),nan,0.575,0.575,0
5,15,1.08333,1.625,1.5,nan,nan,-nan(ind),0.575,0.575,0
5,16,1.08333,1.66111,1.53333,-nan(ind),nan,-nan(ind),0.575,0.575,0
5,17,1.08333,1.69722,1.56667,-nan(ind),-nan(ind),nan,0.575,0.575,0
5,18,1.08333,1.73333,1.6,nan,nan,nan,0.575,0.575,0
5,19,1.08333,1.76944,1.63333,-nan(ind),-nan(ind),-nan(ind),0.575,0.575,0
5,20,1.08333,1.80556,1.66667,nan,nan,nan,0.575,0.575,0
5,21,1.08333,1.84167,1.7,-nan(ind),-nan(ind),-nan(ind),0.575,0.575,0
5,22,1.08333,1.87778,1.73333,nan,nan,nan,0.575,0.575,0
5,23,1.08333,1.91389,1.76667,-nan(ind),-nan(ind),-nan(ind),0.575,0.575,0
5,24,1.08333,1.95,1.8,nan,nan,nan,0.575,0.575,0
5,25,1.08333,1.98611,1.83333,-nan(ind),-nan(ind),-nan(ind),0.575,0.575,0
5,26,1.08333,2.02222,1.86667,nan,nan,nan,0.575,0.575,0
5,27,1.08333,2.05833,1.9,-nan(ind),nan,-nan(ind),0.575,0.575,0
5,28,1.08333,2.09444,1.93333,-nan(ind),-nan(ind),nan,0.575,0.575,0
5,29,1.08333,2.13056,1.96667,nan,nan,nan,0.575,0.575,0
6,0,1.1,1.1,1,nan,nan,-nan(ind),0.575,0.575,0
6,1,1.1,1.13667,1.03333,-nan(ind),-nan(ind),-nan(ind),0.575,0.575,0
6,2,1.1,1.17333,1.06667,nan,-nan(ind),nan,0.575,0.575,0
6,3,1.1,1.21,1.1,nan,nan,-nan(ind),0.575,0.575,0
6,4,1.1,1.24667,1.13333,-nan(ind),nan,-nan(ind),0.575,0.575,0
6,5,1.1,1.28333,1.16667,-nan(ind),-nan(ind),nan,0.575,0.575,0
6,6,1.1,1.32,1.2,nan,nan,-nan(ind),0.575,0.575,0
6,7,1.1,1.35667,1.23333,-nan(ind),-nan(ind),nan,0.575,0.575,0
6,8,1.1,1.39333,1.26667,nan,nan,nan,0.575,0.575,0
6,9,1.1,1.43,1.3,-nan(ind),-nan(ind),-nan(ind),0.575,0.575,0
6,10,1.1,1.46667,1.33333,nan,nan,nan,0.575,0.575,0
6,11,1.1,1.50333,1.36667,-nan(ind),nan,-nan(ind),0.575,0.575,0
6,12,1.1,1.54,1.4,-nan(ind),-nan(ind),nan,0.575,0.575,0
6,13,1.1,1.57667,1.43333,nan,nan,nan,0.575,0.575,0
6,14,1.1,1.61333,1.46667,-nan(ind),nan,-nan(ind),0.575,0.575,0
6,15,1.1,1.65,1.5,-nan(ind),-nan(ind),nan,0.575,0.575,0
6,16,1.1,1.68667,1.53333,nan,-nan(ind),nan,0.575,0.575,0
6,17,1.1,1.72333,1.56667,nan,nan,-nan(ind),0.575,0.575,0
6,18,1.1,1.76,1.6,-nan(ind),-nan(ind),-nan(ind),0.575,0.575,0
6,19,1.1,1.79667,1.63333,nan,nan,nan,0.575,0.575,0
6,20,1.1,1.83333,1.66667,-nan(ind),-nan(ind),-nan(ind),0.575,0.575,0
6,21,1.1,1.87,1.7,nan,nan,nan,0.575,0.575,0
6,22,1.1,1.90667,1.73333,-nan(ind),-nan(ind),-nan(ind),0.575,0.575,0
6,23,1.1,1.94333,1.76667,nan,nan,nan,0.575,0.575,0
6,24,1.1,1.98,1.8,-nan(ind),-nan(ind),-nan(ind),0.575,0.575,0
6,25,1.1,2.01667,1.83333,nan,nan,nan,0.575,0.575,0
6,26,1.1,2.05333,1.86667,-nan(ind),-nan(ind),-nan(ind),0.575,0.575,0
6,27,1.1,2.09,1.9,nan,-nan(ind),nan,0.575,0.575,0
6,28,1.1,2.12667,1.93333,nan,nan,-nan(ind),0.575,0.575,0
6,29,1.1,2.16333,1.96667,-nan(ind),-nan(ind),-nan(ind),0.575,0.575,0
7,0,1.11667,1.11667,1,-nan(ind),-nan(ind),nan,0.575,0.575,0
7,1,1.11667,1.15389,1.03333,nan,nan,nan,0.575,0.575,0
7,2,1.11667,1.19111,1.06667,-nan(ind),nan,-nan(ind),0.575,0.575,0
7,3,1.11667,1.22833,1.1,-nan(ind),-nan(ind),nan,0.575,0.575,0
7,4,1.11667,1.26556,1.13333,nan,-nan(ind),nan,0.575,0.575,0
7,5,1.11667,1.30278,1.16667,nan,nan,-nan(ind),0.575,0.575,0
7,6,1.11667,1.34,1.2,-nan(ind),-nan(ind),nan,0.575,0.575,0
7,7,1.11667,1.37722,1.23333,nan,nan,-nan(ind),0.575,0.575,0
7,8,1.11667,1.41444,1.26667,-nan(ind),-nan(ind),-nan(ind),0.575,0.575,0
7,9,1.11667,1.45167,1.3,nan,nan,nan,0.575,0.575,0
7,10,1.11667,1.48889,1.33333,-nan(ind),-nan(ind),-nan(ind),0.575,0.575,0
7,11,1.11667,1.52611,1.36667,nan,-nan(ind),nan,0.575,0.575,0
7,12,1.11667,1.56333,1.4,nan,nan,-nan(ind),0.575,0.575,0
7,13,1.11667,1.60056,1.43333,-nan(ind),-nan(ind),-nan(ind),0.575,0.575,0
7,14,1.11667,1.63778,1.46667,nan,-nan(ind),nan,0.575,0.575,0
7,15,1.11667,1.675,1.5,nan,nan,-nan(ind),0.575,0.575,0
7,16,1.11667,1.71222,1.53333,-nan(ind),nan,-nan(ind),0.575,0.575,0
7,17,1.11667,1.74944,1.56667,-nan(ind),-nan(ind),nan,0.575,0.575,0
7,18,1.11667,1.78667,1.6,nan,nan,nan,0.575,0.575,0
7,19,1.11667,1.82389,1.63333,-nan(ind),-nan(ind),-nan(ind),0.575,0.575,0
7,20,1.11667,1.86111,1.66667,nan,nan,nan,0.575,0.575,0
7,21,1.11667,1.89833,1.7,-nan(ind),-nan(ind),-nan(ind),0.575,0.575,0
7,22,1.11667,1.93556,1.73333,nan,nan,nan,0.575,0.575,0
7,23,1.11667,1.97278,1.76667,-nan(ind),-nan(ind),-nan(ind),0.575,0.575,0
7,24,1.11667,2.01,1.8,nan,nan,nan,0.575,0.575,0
7,25,1.11667,2.04722,1.83333,-nan(ind),-nan(ind),-nan(ind),0.575,0.575,0
7,26,1.11667,2.08444,1.86667,nan,nan,nan,0.575,0.575,0
7,27,1.11667,2.12167,1.9,-nan(ind),nan,-nan(ind),0.575,0.575,0
7,28,1.11667,2.15889,1.93333,-nan(ind),-nan(ind),nan,0.575,0.575,0
7,29,1.11667,2.19611,1.96667,nan,nan,nan,0.575,0.575,0
8,0,1.13333,1.13333,1,nan,nan,-nan(ind),0.575,0.575,0
8,1,1.13333,1.17111,1.03333,-nan(ind),-nan(ind),-nan(ind),0.575,0.575,0
8,2,1.13333,1.20889,1.06667,nan,-nan(ind),nan,0.575,0.575,0
8,3,1.13333,1.24667,1.1,nan,nan,-nan(ind),0.575,0.575,0
8,4,1.13333,1.28444,1.13333,-nan(ind),nan,-nan(ind),0.575,0.575,0
8,5,1.13333,1.32222,1.16667,-nan(ind),-nan(ind),nan,0.575,0.575,0
8,6,1.13333,1.36,1.2,nan,nan,-nan(ind),0.575,0.575,0
8,7,1.13333,1.39778,1.23333,-nan(ind),-nan(ind),nan,0.575,0.575,0
8,8,1.13333,1.43556,1.26667,nan,nan,nan,0.575,0.575,0
8,9,1.13333,1.47333,1.3,-nan(ind),-nan(ind),-nan(ind),0.575,0.575,0
8,10,1.13333,1.51111,1.33333,nan,nan,nan,0.575,0.575,0
8,11,1.13333,1.54889,1.36667,-nan(ind),nan,-nan(ind),0.575,0.575,0
8,12,1.13333,1.58667,1.4,-nan(ind),-nan(ind),nan,0.575,0.575,0
8,13,1.13333,1.62444,1.43333,nan,nan,nan,0.575,0.575,0
8,14,1.13333,1.66222,1.46667,-nan(ind),nan,-nan(ind),0.575,0.575,0
8,15,1.13333,1.7,1.5,-nan(ind),-nan(ind),nan,0.575,0.575,0
8,16,1.13333,1.73778,1.53333,nan,-nan(ind),nan,0.575,0.575,0
8,17,1.13333,1.77556,1.56667,nan,nan,-nan(ind),0.575,0.575,0
8,18,1.13333,1.81333,1.6,-nan(ind),-nan(ind),-nan(ind),0.575,0.575,0
8,19,1.13333,1.85111,1.63333,nan,nan,nan,0.575,0.575,0
8,20,1.13333,1.88889,1.66667,-nan(ind),-nan(ind),-nan(ind),0.575,0.575,0
8,21,1.13333,1.92667,1.7,nan,nan,nan,0.575,0.575,0
8,22,1.13333,1.96444,1.73333,-nan(ind),-nan(ind),-nan(ind),0.575,0.575,0
8,23,1.13333,2.00222,1.76667,nan,nan,nan,0.575,0.575,0
8,24,1.13333,2.04,1.8,-nan(ind),-nan(ind),-nan(ind),0.575,0.575,0
8,25,1.13333,2.07778,1.83333,nan,nan,nan,0.575,0.575,0
8,26,1.13333,2.11556,1.86667,-nan(ind),-nan(ind),-nan(ind),0.575,0.575,0
8,27,1.13333,2.15333,1.9,nan,-nan(ind),nan,0.575,0.575,0
8,28,1.13333,2.19111,1.93333,nan,nan,-nan(ind),0.575,0.575,0
8,29,1.13333,2.22889,1.96667,-nan(ind),-nan(ind),-nan(ind),0.575,0.575,0
9,0,1.15,1.15,1,-nan(ind),-nan(ind),nan,0.575,0.575,0
9,1,1.15,1.18833,1.03333,nan,nan,nan,0.575,0.575,0
9,2,1.15,1.22667,1.06667,-nan(ind),nan,-nan(ind),0.575,0.575,0
9,3,1.15,1.265,1.1,-nan(ind),-nan(ind),nan,0.575,0.575,0
9,4,1.15,1.30333,1.13333,nan,-nan(ind),nan,0.575,0.575,0
9,5,1.15,1.34167,1.16667,nan,nan,-nan(ind),0.575,0.575,0
9,6,1.15,1.38,1.2,-nan(ind),-nan(ind),nan,0.575,0.575,0
9,7,1.15,1.41833,1.23333,nan,nan,-nan(ind),0.575,0.575,0
9,8,1.15,1.45667,1.26667,-nan(ind),-nan(ind),-nan(ind),0.575,0.575,0
9,9,1.15,1.495,1.3,nan,nan,nan,0.575,0.575,0
9,10,1.15,1.53333,1.33333,-nan(ind),-nan(ind),-nan(ind),0.575,0.575,0
9,11,1.15,1.57167,1.36667,nan,-nan(ind),nan,0.575,0.575,0
9,12,1.15,1.61,1.4,nan,nan,-nan(ind),0.575,0.575,0
9,13,1.15,1.64833,1.43333,-nan(ind),-nan(ind),-nan(ind),0.575,0.575,0
9,14,1.15,1.68667,1.46667,nan,-nan(ind),nan,0.575,0.575,0
9,15,1.15,1.725,1.5,nan,nan,-nan(ind),0.575,0.575,0
9,16,1.15,1.76333,1.53333,-nan(ind),nan,-nan(ind),0.575,0.575,0
9,17,1.15,1.80167,1.56667,-nan(ind),-nan(ind),nan,0.575,0.575,0
9,18,1.15,1.84,1.6,nan,nan,nan,0.575,0.575,0
9,19,1.15,1.87833,1.63333,-nan(ind),-nan(ind),-nan(ind),0.575,0.575,0
9,20,1.15,1.91667,1.66667,nan,nan,nan,0.575,0.575,0
9,21,1.15,1.955,1.7,-nan(ind),-nan(ind),-nan(ind),0.575,0.575,0
9,22,1.15,1.99333,1.73333,nan,nan,nan,0.575,0.575,0
9,23,1.15,2.03167,1.76667,-nan(ind),-nan(ind),-nan(ind),0.575,0.575,0
9,24,1.15,2.07,1.8,nan,nan,nan,0.575,0.575,0
9,25,1.15,2.10833,1.83333,-nan(ind),-nan(ind),-nan(ind),0.575,0.575,0
9,26,1.15,2.14667,1.86667,nan,nan,nan,0.575,0.575,0
9,27,1.15,2.185,1.9,-nan(ind),nan,-nan(ind),0.575,0.575,0
9,28,1.15,2.22333,1.93333,-nan(ind),-nan(ind),nan,0.575,0.575,0
9,29,1.15,2.26167,1.96667,nan,nan,nan,0.575,0.575,0
10,0,1.16667,1.16667,1,nan,nan,-nan(ind),0.575,0.575,0
10,1,1.16667,1.20556,1.03333,-nan(ind),-nan(ind),-nan(ind),0.575,0.575,0
10,2,1.16667,1.24444,1.06667,nan,-nan(ind),nan,0.575,0.575,0
10,3,1.16667,1.28333,1.1,nan,nan,-nan(ind),0.575,0.575,0
10,4,1.16667,1.32222,1.13333,-nan(ind),nan,-nan(ind),0.575,0.575,0
10,5,1.16667,1.36111,1.16667,-nan(ind),-nan(ind),nan,0.575,0.575,0
10,6,1.16667,1.4,1.2,nan,nan,-nan(ind),0.575,0.575,0
10,7,1.16667,1.43889,1.23333,-nan(ind),-nan(ind),nan,0.575,0.575,0
10,8,1.16667,1.47778,1.26667,nan,nan,nan,0.575,0.575,0
10,9,1.16667,1.51667,1.3,-nan(ind),-nan(ind),-nan(ind),0.575,0.575,0
10,10,1.16667,1.55556,1.33333,nan,nan,nan,0.575,0.575,0
10,11,1.16667,1.59444,1.36667,-nan(ind),nan,-nan(ind),0.575,0.575,0
10,12,1.16667,1.63333,1.4,-nan(ind),-nan(ind),nan,0.575,0.575,0
10,13,1.16667,1.67222,1.43333,nan,nan,nan,0.575,0.575,0
10,14,1.16667,1.71111,1.46667,-nan(ind),nan,-nan(ind),0.575,0.575,0
10,15,1.16667,1.75,1.5,-nan(ind),-nan(ind),nan,0.575,0.575,0
10,16,1.16667,1.78889,1.53333,nan,-nan(ind),nan,0.575,0.575,0
10,17,1.16667,1.82778,1.56667,nan,nan,-nan(ind),0.575,0.575,0
10,18,1.16667,1.86667,1.6,-nan(ind),-nan(ind),-nan(ind),0.575,0.575,0
10,19,1.16667,1.90556,1.63333,nan,nan,nan,0.575,0.575,0
10,20,1.16667,1.94444,1.66667,-nan(ind),-nan(ind),-nan(ind),0.575,0.575,0
10,21,1.16667,1.98333,1.7,nan,nan,nan,0.575,0.575,0
10,22,1.16667,2.02222,1.73333,-nan(ind),-nan(ind),-nan(ind),0.575,0.575,0
10,23,1.16667,2.06111,1.76667,nan,nan,nan,0.575,0.575,0
10,24,1.16667,2.1,1.8,-nan(ind),-nan(ind),-nan(ind),0.575,0.575,0
10,25,1.16667,2.13889,1.83333,nan,nan,nan,0.575,0.575,0
10,26,1.16667,2.17778,1.86667,-nan(ind),-nan(ind),-nan(ind),0.575,0.575,0
10,27,1.16667,2.21667,1.9,nan,-nan(ind),nan,0.575,0.575,0
10,28,1.16667,2.25556,1.93333,nan,nan,-nan(ind),0.575,0.575,0
10,29,1.16667,2.29444,1.96667,-nan(ind),-nan(ind),-nan(ind),0.575,0.575,0
11,0,1.18333,1.18333,1,-nan(ind),-nan(ind),nan,0.575,0.575,0
11,1,1.18333,1.22278,1.03333,nan,nan,nan,0.575,0.575,0
11,2,1.18333,1.26222,1.06667,-nan(ind),nan,-nan(ind),0.575,0.575,0
11,3,1.18333,1.30167,1.1,-nan(ind),-nan(ind),nan,0.575,0.575,0
11,4,1.18333,1.34111,1.13333,nan,-nan(ind),nan,0.575,0.575,0
11,5,1.18333,1.38056,1.16667,nan,nan,-nan(ind),0.575,0.575,0
11,6,1.18333,1.42,1.2,-nan(ind),-nan(ind),nan,0.575,0.575,0
11,7,1.18333,1.45944,1.23333,nan,nan,-nan(ind),0.575,0.575,0
11,8,1.18333,1.49889,1.26667,-nan(ind),-nan(ind),-nan(ind),0.575,0.575,0
11,9,1.18333,1.53833,1.3,nan,nan,nan,0.575,0.575,0
11,10,1.18333,1.57778,1.33333,-nan(ind),-nan(ind),-nan(ind),0.575,0.575,0
11,11,1.18333,1.61722,1.36667,nan,-nan(ind),nan,0.575,0.575,0
11,12,1.18333,1.65667,1.4,nan,nan,-nan(ind),0.575,0.575,0
11,13,1.18333,1.69611,1.43333,-nan(ind),-nan(ind),-nan(ind),0.575,0.575,0
11,14,1.18333,1.73556,1.46667,nan,-nan(ind),nan,0.575,0.575,0
11,15,1.18333,1.775,1.5,nan,nan,-nan(ind),0.575,0.575,0
11,16,1.18333,1.81444,1.53333,-nan(ind),nan,-nan(ind),0.575,0.575,0
11,17,1.18333,1.85389,1.56667,-nan(ind),-nan(ind),nan,0.575,0.575,0
11,18,1.18333,1.89333,1.6,nan,nan,nan,0.575,0.575,0
11,19,1.18333,1.93278,1.63333,-nan(ind),-nan(ind),-nan(ind),0.575,0.575,0
11,20,1.18333,1.97222,1.66667,nan,nan,nan,0.575,0.575,0
11,21,1.18333,2.01167,1.7,-nan(ind),-nan(ind),-nan(ind),0.575,0.575,0
11,22,1.18333,2.05111,1.73333,nan,nan,nan,0.575,0.575,0
11,23,1.18333,2.09056,1.76667,-nan(ind),-nan(ind),-nan(ind),0.575,0.575,0
11,24,1.18333,2.13,1.8,nan,nan,nan,0.575,0.575,0
11,25,1.18333,2.16944,1.83333,-nan(ind),-nan(ind),-nan(ind),0.575,0.575,0
11,26,1.18333,2.20889,1.86667,nan,nan,nan,0.575,0.575,0
11,27,1.18333,2.24833,1.9,-nan(ind),nan,-nan(ind),0.575,0.575,0
11,28,1.18333,2.28778,1.93333,-nan(ind),-nan(ind),nan,0.575,0.575,0
11,29,1.18333,2.32722,1.96667,nan,nan,nan,0.575,0.575,0
12,0,1.2,1.2,1,nan,nan,-nan(ind),0.575,0.575,0
12,1,1.2,1.24,1.03333,-nan(ind),-nan(ind),-nan(ind),0.575,0.575,0
12,2,1.2,1.28,1.06667,nan,-nan(ind),nan,0.575,0.575,0
12,3,1.2,1.32,1.1,nan,nan,-nan(ind),0.575,0.575,0
12,4,1.2,1.36,1.13333,-nan(ind),nan,-nan(ind),0.575,0.575,0
12,5,1.2,1.4,1.16667,-nan(ind),-nan(ind),nan,0.575,0.575,0
12,6,1.2,1.44,1.2,nan,nan,-nan(ind),0.575,0.575,0
12,7,1.2,1.48,1.23333,-nan(ind),-nan(ind),nan,0.575,0.575,0
12,8,1.2,1.52,1.26667,nan,nan,nan,0.575,0.575,0
12,9,1.2,1.56,1.3,-nan(ind),-nan(ind),-nan(ind),0.575,0.575,0
12,10,1.2,1.6,1.33333,nan,nan,nan,0.575,0.575,0
12,11,1.2,1.64,1.36667,-nan(ind),nan,-nan(ind),0.575,0.575,0
12,12,1.2,1.68,1.4,-nan(ind),-nan(ind),nan,0.575,0.575,0
12,13,1.2,1.72,1.43333,nan,nan,nan,0.575,0.575,0
12,14,1.2,1.76,1.46667,-nan(ind),nan,-nan(ind),0.575,0.575,0
12,15,1.2,1.8,1.5,-nan(ind),-nan(ind),nan,0.575,0.575,0
12,16,1.2,1.84,1.53333,nan,-nan(ind),nan,0.575,0.575,0
12,17,1.2,1.88,1.56667,nan,nan,-nan(ind),0.575,0.575,0
12,18,1.2,1.92,1.6,-nan(ind),-nan(ind),-nan(ind),0.575,0.575,0
12,19,1.2,1.96,1.63333,nan,nan,nan,0.575,0.575,0
12,20,1.2,2,1.66667,-nan(ind),-nan(ind),-nan(ind),0.575,0.575,0
12,21,1.2,2.04,1.7,nan,nan,nan,0.575,0.575,0
12,22,1.2,2.08,1.73333,-nan(ind),-nan(ind),-nan(ind),0.575,0.575,0
12,23,1.2,2.12,1.76667,nan,nan,nan,0.575,0.575,0
12,24,1.2,2.16,1.8,-nan(ind),-nan(ind),-nan(ind),0.575,0.575,0
12,25,1.2,2.2,1.83333,nan,nan,nan,0.575,0.575,0
12,26,1.2,2.24,1.86667,-nan(ind),-nan(ind),-nan(ind),0.575,0.575,0
12,27,1.2,2.28,1.9,nan,-nan(ind),nan,0.575,0.575,0
12,28,1.2,2.32,1.93333,nan,nan,-nan(ind),0.575,0.575,0
12,29,1.2,2.36,1.96667,-nan(ind),-nan(ind),-nan(ind),0.575,0.575,0
13,0,1.21667,1.21667,1,-nan(ind),-nan(ind),nan,0.575,0.575,0
13,1,1.21667,1.25722,1.03333,nan,nan,nan,0.575,0.575,0
13,2,1.21667,1.29778,1.06667,-nan(ind),nan,-nan(ind),0.575,0.575,0
13,3,1.21667,1.33833,1.1,-nan(ind),-nan(ind),nan,0.575,0.575,0
13,4,1.21667,1.37889,1.13333,nan,-nan(ind),nan,0.575,0.575,0
13,5,1.21667,1.41944,1.16667,nan,nan,-nan(ind),0.575,0.575,0
13,6,1.21667,1.46,1.2,-nan(ind),-nan(ind),nan,0.575,0.575,0
13,7,1.21667,1.50056,1.23333,nan,nan,-nan(ind),0.575,0.575,0
13,8,1.21667,1.54111,1.26667,-nan(ind),-nan(ind),-nan(ind),0.575,0.575,0
13,9,1.21667,1.58167,1.3,nan,nan,nan,0.575,0.575,0
13,10,1.21667,1.62222,1.33333,-nan(ind),-nan(ind),-nan(ind),0.575,0.575,0
13,11,1.21667,1.66278,1.36667,nan,-nan(ind),nan,0.575,0.575,0
13,12,1.21667,1.70333,1.4,nan,nan,-nan(ind),0.575,0.575,0
13,13,1.21667,1.74389,1.43333,-nan(ind),-nan(ind),-nan(ind),0.575,0.575,0
13,14,1.21667,1.78444,1.46667,nan,-nan(ind),nan,0.575,0.575,0
13,15,1.21667,1.825,1.5,nan,nan,-nan(ind),0.575,0.575,0
13,16,1.21667,1.86556,1.53333,-nan(ind),nan,-nan(ind),0.575,0.575,0
13,17,1.21667,1.90611,1.56667,-nan(ind),-nan(ind),nan,0.575,0.575,0
13,18,1.21667,1.94667,1.6,nan,nan,nan,0.575,0.575,0
13,19,1.21667,1.98722,1.63333,-nan(ind),-nan(ind),-nan(ind),0.575,0.575,0
13,20,1.21667,2.02778,1.66667,nan,nan,nan,0.575,0.575,0
13,21,1.21667,2.06833,1.7,-nan(ind),-nan(ind),-nan(ind),0.575,0.575,0
13,22,1.21667,2.10889,1.73333,nan,nan,nan,0.575,0.575,0
13,23,1.21667,2.14944,1.76667,-nan(ind),-nan(ind),-nan(ind),0.575,0.575,0
13,24,1.21667,2.19,1.8,nan,nan,nan,0.575,0.575,0
13,25,1.21667,2.23056,1.83333,-nan(ind),-nan(ind),-nan(ind),0.575,0.575,0
13,26,1.21667,2.27111,1.86667,nan,nan,nan,0.575,0.575,0
13,27,1.21667,2.31167,1.9,-nan(ind),nan,-nan(ind),0.575,0.575,0
13,28,1.21667,2.35222,1.93333,-nan(ind),-nan(ind),nan,0.575,0.575,0
13,29,1.21667,2.39278,1.96667,nan,nan,nan,0.575,0.575,0
14,0,1.23333,1.23333,1,nan,nan,-nan(ind),0.575,0.575,0
14,1,1.23333,1.27444,1.03333,-nan(ind),-nan(ind),-nan(ind),0.575,0.575,0
14,2,1.23333,1.31556,1.06667,nan,-nan(ind),nan,0.575,0.575,0
14,3,1.23333,1.35667,1.1,nan,nan,-nan(ind),0.575,0.575,0
14,4,1.23333,1.39778,1.13333,-nan(ind),nan,-nan(ind),0.575,0.575,0
14,5,1.23333,1.43889,1.16667,-nan(ind),-nan(ind),nan,0.575,0.575,0
14,6,1.23333,1.48,1.2,nan,nan,-nan(ind),0.575,0.575,0
14,7,1.23333,1.52111,1.23333,-nan(ind),-nan(ind),nan,0.575,0.575,0
14,8,1.23333,1.56222,1.26667,nan,nan,nan,0.575,0.575,0
14,9,1.23333,1.60333,1.3,-nan(ind),-nan(ind),-nan(ind),0.575,0.575,0
14,10,1.23333,1.64444,1.33333,nan,nan,nan,0.575,0.575,0
14,11,1.23333,1.68556,1.36667,-nan(ind),nan,-nan(ind),0.575,0.575,0
14,12,1.23333,1.72667,1.4,-nan(ind),-nan(ind),nan,0.575,0.575,0
14,13,1.23333,1.76778,1.43333,nan,nan,nan,0.575,0.575,0
14,14,1.23333,1.80889,1.46667,-nan(ind),nan,-nan(ind),0.575,0.575,0
14,15,1.23333,1.85,1.5,-nan(ind),-nan(ind),nan,0.575,0.575,0
14,16,1.23333,1.89111,1.53333,nan,-nan(ind),nan,0.575,0.575,0
14,17,1.23333,1.93222,1.56667,nan,nan,-nan(ind),0.575,0.575,0
14,18,1.23333,1.97333,1.6,-nan(ind),-nan(ind),-nan(ind),0.575,0.575,0
14,19,1.23333,2.01444,1.63333,nan,nan,nan,0.575,0.575,0
14,20,1.23333,2.05556,1.66667,-nan(ind),-nan(ind),-nan(ind),0.575,0.575,0
14,21,1.23333,2.09667,1.7,nan,nan,nan,0.575,0.575,0
14,22,1.23333,2.13778,1.73333,-nan(ind),-nan(ind),-nan(ind),0.575,0.575,0
14,23,1.23333,2.17889,1.76667,nan,nan,nan,0.575,0.575,0
14,24,1.23333,2.22,1.8,-nan(ind),-nan(ind),-nan(ind),0.575,0.575,0
14,25,1.23333,2.26111,1.83333,nan,nan,nan,0.575,0.575,0
14,26,1.23333,2.30222,1.86667,-nan(ind),-nan(ind),-nan(ind),0.575,0.575,0
14,27,1.23333,2.34333,1.9,nan,-nan(ind),nan,0.575,0.575,0
14,28,1.23333,2.38444,1.93333,nan,nan,-nan(ind),0.575,0.575,0
14,29,1.23333,2.42556,1.96667,-nan(ind),-nan(ind),-nan(ind),0.575,0.575,0
15,0,1.25,1.25,1,-nan(ind),-nan(ind),nan,0.575,0.575,0
15,1,1.25,1.29167,1.03333,nan,nan,nan,0.575,0.575,0
15,2,1.25,1.33333,1.06667,-nan(ind),nan,-nan(ind),0.575,0.575,0
15,3,1.25,1.375,1.1,-nan(ind),-nan(ind),nan,0.575,0.575,0
15,4,1.25,1.41667,1.13333,nan,-nan(ind),nan,0.575,0.575,0
15,5,1.25,1.45833,1.16667,nan,nan,-nan(ind),0.575,0.575,0
15,6,1.25,1.5,1.2,-nan(ind),-nan(ind),nan,0.575,0.575,0
15,7,1.25,1.54167,1.23333,nan,nan,-nan(ind),0.575,0.575,0
15,8,1.25,1.58333,1.26667,-nan(ind),-nan(ind),-nan(ind),0.575,0.575,0
15,9,1.25,1.625,1.3,nan,nan,nan,0.575,0.575,0
15,10,1.25,1.66667,1.33333,-nan(ind),-nan(ind),-nan(ind),0.575,0.575,0
15,11,1.25,1.70833,1.36667,nan,-nan(ind),nan,0.575,0.575,0
15,12,1.25,1.75,1.4,nan,nan,-nan(ind),0.575,0.575,0
15,13,1.25,1.79167,1.43333,-nan(ind),-nan(ind),-nan(ind),0.575,0.575,0
15,14,1.25,1.83333,1.46667,nan,-nan(ind),nan,0.575,0.575,0
15,15,1.25,1.875,1.5,nan,nan,-nan(ind),0.575,0.575,0
15,16,1.25,1.91667,1.53333,-nan(ind),nan,-nan(ind),0.575,0.575,0
15,17,1.25,1.95833,1.56667,-nan(ind),-nan(ind),nan,0.575,0.575,0
15,18,1.25,2,1.6,nan,nan,nan,0.575,0.575,0
15,19,1.25,2.04167,1.63333,-nan(ind),-nan(ind),-nan(ind),0.575,0.575,0
15,20,1.25,2.08333,1.66667,nan,nan,nan,0.575,0.575,0
15,21,1.25,2.125,1.7,-nan(ind),-nan(ind),-nan(ind),0.575,0.575,0
15,22,1.25,2.16667,1.73333,nan,nan,nan,0.575,0.575,0
15,23,1.25,2.20833,1.76667,-nan(ind),-nan(ind),-nan(ind),0.575,0.575,0
15,24,1.25,2.25,1.8,nan,nan,nan,0.575,0.575,0
15,25,1.25,2.29167,1.83333,-nan(ind),-nan(ind),-nan(ind),0.575,0.575,0
15,26,1.25,2.33333,1.86667,nan,nan,nan,0.575,0.575,0
15,27,1.25,2.375,1.9,-nan(ind),nan,-nan(ind),0.575,0.575,0
15,28,1.25,2.41667,1.93333,-nan(ind),-nan(ind),nan,0.575,0.575,0
15,29,1.25,2.45833,1.96667,nan,nan,nan,0.575,0.575,0
16,0,1.26667,1.26667,1,nan,nan,-nan(ind),0.575,0.575,0
16,1,1.26667,1.30889,1.03333,-nan(ind),-nan(ind),-nan(ind),0.575,0.575,0
16,2,1.26667,1.35111,1.06667,nan,-nan(ind),nan,0.575,0.575,0
16,3,1.26667,1.39333,1.1,nan,nan,-nan(ind),0.575,0.575,0
16,4,1.26667,1.43556,1.13333,-nan(ind),nan,-nan(ind),0.575,0.575,0
16,5,1.26667,1.47778,1.16667,-nan(ind),-nan(ind),nan,0.575,0.575,0
16,6,1.26667,1.52,1.2,nan,nan,-nan(ind),0.575,0.575,0
16,7,1.26667,1.56222,1.23333,-nan(ind),-nan(ind),nan,0.575,0.575,0
16,8,1.26667,1.60444,1.26667,nan,nan,nan,0.575,0.575,0
16,9,1.26667,1.64667,1.3,-nan(ind),-nan(ind),-nan(ind),0.575,0.575,0
16,10,1.26667,1.68889,1.33333,nan,nan,nan,0.575,0.575,0
16,11,1.26667,1.73111,1.36667,-nan(ind),nan,-nan(ind),0.575,0.575,0
16,12,1.26667,1.77333,1.4,-nan(ind),-nan(ind),nan,0.575,0.575,0
16,13,1.26667,1.81556,1.43333,nan,nan,nan,0.575,0.575,0
16,14,1.26667,1.85778,1.46667,-nan(ind),nan,-nan(ind),0.575,0.575,0
16,15,1.26667,1.9,1.5,-nan(ind),-nan(ind),nan,0.575,0.575,0
16,16,1.26667,1.94222,1.53333,nan,-nan(ind),nan,0.575,0.575,0
16,17,1.26667,1.98444,1.56667,nan,nan,-nan(ind),0.575,0.575,0
16,18,1.26667,2.02667,1.6,-nan(ind),-nan(ind),-nan(ind),0.575,0.575,0
16,19,1.26667,2.06889,1.63333,nan,nan,nan,0.575,0.575,0
16,20,1.26667,2.11111,1.66667,-nan(ind),-nan(ind),-nan(ind),0.575,0.575,0
16,21,1.26667,2.15333,1.7,nan,nan,nan,0.575,0.575,0
16,22,1.26667,2.19556,1.73333,-nan(ind),-nan(ind),-nan(ind),0.575,0.575,0
16,23,1.26667,2.23778,1.76667,nan,nan,nan,0.575,0.575,0
16,24,1.26667,2.28,1.8,-nan(ind),-nan(ind),-nan(ind),0.575,0.575,0
16,25,1.26667,2.32222,1.83333,nan,nan,nan,0.575,0.575,0
16,26,1.26667,2.36444,1.86667,-nan(ind),-nan(ind),-nan(ind),0.575,0.575,0
16,27,1.26667,2.40667,1.9,nan,-nan(ind),nan,0.575,0.575,0
16,28,1.26667,2.44889,1.93333,nan,nan,-nan(ind),0.575,0.575,0
16,29,1.26667,2.49111,1.96667,-nan(ind),-nan(ind),-nan(ind),0.575,0.575,0
17,0,1.28333,1.28333,1,-nan(ind),-nan(ind),nan,0.575,0.575,0
17,1,1.28333,1.32611,1.03333,nan,nan,-nan(ind),0.575,0.575,0
17,2,1.28333,1.36889,1.06667,-nan(ind),nan,-nan(ind),0.575,0.575,0
17,3,1.28333,1.41167,1.1,-nan(ind),-nan(ind),-nan(ind),0.575,0.575,0
17,4,1.28333,1.45444,1.13333,nan,-nan(ind),-nan(ind),0.575,0.575,0
17,5,1.28333,1.49722,1.16667,nan,nan,-nan(ind),0.575,0.575,0
17,6,1.28333,1.54,1.2,-nan(ind),-nan(ind),-nan(ind),0.575,0.575,0
17,7,1.28333,1.58278,1.23333,nan,nan,-nan(ind),0.575,0.575,0
17,8,1.28333,1.62556,1.26667,-nan(ind),-nan(ind),-nan(ind),0.575,0.575,0
17,9,1.28333,1.66833,1.3,nan,nan,nan,0.575,0.575,0
17,10,1.28333,1.71111,1.33333,-nan(ind),-nan(ind),-nan(ind),0.575,0.575,0
17,11,1.28333,1.75389,1.36667,nan,-nan(ind),nan,0.575,0.575,0
17,12,1.28333,1.79667,1.4,nan,nan,-nan(ind),0.575,0.575,0
17,13,1.28333,1.83944,1.43333,-nan(ind),-nan(ind),-nan(ind),0.575,0.575,0
17,14,1.28333,1.88222,1.46667,nan,-nan(ind),nan,0.575,0.575,0
17,15,1.28333,1.925,1.5,nan,nan,-nan(ind),0.575,0.575,0
17,16,1.28333,1.96778,1.53333,-nan(ind),nan,-nan(ind),0.575,0.575,0
17,17,1.28333,2.01056,1.56667,-nan(ind),-nan(ind),nan,0.575,0.575,0
17,18,1.28333,2.05333,1.6,nan,nan,nan,0.575,0.575,0
17,19,1.28333,2.09611,1.63333,-nan(ind),-nan(ind),-nan(ind),0.575,0.575,0
17,20,1.28333,2.13889,1.66667,nan,nan,nan,0.575,0.575,0
17,21,1.28333,2.18167,1.7,-nan(ind),-nan(ind),-nan(ind),0.575,0.575,0
17,22,1.28333,2.22444,1.73333,nan,nan,nan,0.575,0.575,0
17,23,1.28333,2.26722,1.76667,-nan(ind),-nan(ind),-nan(ind),0.575,0.575,0
17,24,1.28333,2.31,1.8,nan,nan,nan,0.575,0.575,0
17,25,1.28333,2.35278,1.83333,-nan(ind),-nan(ind),-nan(ind),0.575,0.575,0
17,26,1.28333,2.39556,1.86667,nan,nan,nan,0.575,0.575,0
17,27,1.28333,2.43833,1.9,-nan(ind),nan,-nan(ind),0.575,0.575,0
17,28,1.28333,2.48111,1.93333,-nan(ind),-nan(ind),nan,0.575,0.575,0
17,29,1.28333,2.52389,1.96667,nan,nan,-nan(ind),0.575,0.575,0
18,0,1.3,1.3,1,nan,nan,-nan(ind),0.575,0.575,0
18,1,1.3,1.34333,1.03333,-nan(ind),-nan(ind),nan,0.575,0.575,0
18,2,1.3,1.38667,1.06667,nan,-nan(ind),nan,0.575,0.575,0
18,3,1.3,1.43,1.1,nan,nan,nan,0.575,0.575,0
18,4,1.3,1.47333,1.13333,-nan(ind),nan,nan,0.575,0.575,0
18,5,1.3,1.51667,1.16667,-nan(ind),-nan(ind),nan,0.575,0.575,0
18,6,1.3,1.56,1.2,nan,nan,nan,0.575,0.575,0
18,7,1.3,1.60333,1.23333,-nan(ind),-nan(ind),nan,0.575,0.575,0
18,8,1.3,1.64667,1.26667,nan,nan,nan,0.575,0.575,0
18,9,1.3,1.69,1.3,-nan(ind),-nan(ind),-nan(ind),0.575,0.575,0
18,10,1.3,1.73333,1.33333,nan,nan,nan,0.575,0.575,0
18,11,1.3,1.77667,1.36667,-nan(ind),nan,-nan(ind),0.575,0.575,0
18,12,1.3,1.82,1.4,-nan(ind),-nan(ind),nan,0.575,0.575,0
18,13,1.3,1.86333,1.43333,nan,nan,nan,0.575,0.575,0
18,14,1.3,1.90667,1.46667,-nan(ind),nan,-nan(ind),0.575,0.575,0
18,15,1.3,1.95,1.5,-nan(ind),-nan(ind),nan,0.575,0.575,0
18,16,1.3,1.99333,1.53333,nan,-nan(ind),nan,0.575,0.575,0
18,17,1.3,2.03667,1.56667,nan,nan,-nan(ind),0.575,0.575,0
18,18,1.3,2.08,1.6,-nan(ind),-nan(ind),-nan(ind),0.575,0.575,0
18,19,1.3,2.12333,1.63333,nan,nan,nan,0.575,0.575,0
18,20,1.3,2.16667,1.66667,-nan(ind),-nan(ind),-nan(ind),0.575,0.575,0
18,21,1.3,2.21,1.7,nan,nan,nan,0.575,0.575,0
18,22,1.3,2.25333,1.73333,-nan(ind),-nan(ind),-nan(ind),0.575,0.575,0
18,23,1.3,2.29667,1.76667,nan,nan,nan,0.575,0.575,0
18,24,1.3,2.34,1.8,-nan(ind),-nan(ind),-nan(ind),0.575,0.575,0
18,25,1.3,2.38333,1.83333,nan,nan,nan,0.575,0.575,0
18,26,1.3,2.42667,1.86667,-nan(ind),-nan(ind),-nan(ind),0.575,0.575,0
18,27,1.3,2.47,1.9,nan,-nan(ind),nan,0.575,0.575,0
18,28,1.3,2.51333,1.93333,nan,nan,-nan(ind),0.575,0.575,0
18,29,1.3,2.55667,1.96667,-nan(ind),-nan(ind),nan,0.575,0.575,0
19,0,1.31667,1.31667,1,-nan(ind),-nan(ind),nan,0.575,0.575,0
19,1,1.31667,1.36056,1.03333,-nan(ind),nan,-nan(ind),0.575,0.575,0
19,2,1.31667,1.40444,1.06667,-nan(ind),nan,-nan(ind),0.575,0.575,0
19,3,1.31667,1.44833,1.1,-nan(ind),-nan(ind),-nan(ind),0.575,0.575,0
19,4,1.31667,1.49222,1.13333,-nan(ind),-nan(ind),-nan(ind),0.575,0.575,0
19,5,1.31667,1.53611,1.16667,-nan(ind),nan,-nan(ind),0.575,0.575,0
19,6,1.31667,1.58,1.2,-nan(ind),-nan(ind),nan,0.575,0.575,0
19,7,1.31667,1.62389,1.23333,nan,nan,-nan(ind),0.575,0.575,0
19,8,1.31667,1.66778,1.26667,-nan(ind),-nan(ind),-nan(ind),0.575,0.575,0
19,9,1.31667,1.71167,1.3,nan,nan,nan,0.575,0.575,0
19,10,1.31667,1.75556,1.33333,-nan(ind),-nan(ind),-nan(ind),0.575,0.575,0
19,11,1.31667,1.79944,1.36667,nan,-nan(ind),nan,0.575,0.575,0
19,12,1.31667,1.84333,1.4,nan,nan,-nan(ind),0.575,0.575,0
19,13,1.31667,1.88722,1.43333,-nan(ind),-nan(ind),-nan(ind),0.575,0.575,0
19,14,1.31667,1.93111,1.46667,nan,-nan(ind),nan,0.575,0.575,0
19,15,1.31667,1.975,1.5,nan,nan,-nan(ind),0.575,0.575,0
19,16,1.31667,2.01889,1.53333,-nan(ind),nan,-nan(ind),0.575,0.575,0
19,17,1.31667,2.06278,1.56667,-nan(ind),-nan(ind),nan,0.575,0.575,0
19,18,1.31667,2.10667,1.6,nan,nan,nan,0.575,0.575,0
19,19,1.31667,2.15056,1.63333,-nan(ind),-nan(ind),-nan(ind),0.575,0.575,0
19,20,1.31667,2.19444,1.66667,nan,nan,nan,0.575,0.575,0
19,21,1.31667,2.23833,1.7,-nan(ind),-nan(ind),-nan(ind),0.575,0.575,0
19,22,1.31667,2.28222,1.73333,nan,nan,nan,0.575,0.575,0
19,23,1.31667,2.32611,1.76667,-nan(ind),-nan(ind),-nan(ind),0.575,0.575,0
19,24,1.31667,2.37,1.8,nan,nan,nan,0.575,0.575,0
19,25,1.31667,2.41389,1.83333,-nan(ind),-nan(ind),-nan(ind),0.575,0.575,0
19,26,1.31667,2.45778,1.86667,nan,nan,nan,0.575,0.575,0
19,27,1.31667,2.50167,1.9,-nan(ind),nan,-nan(ind),0.575,0.575,0
19,28,1.31667,2.54556,1.93333,-nan(ind),-nan(ind),nan,0.575,0.575,0
19,29,1.31667,2.58944,1.96667,-nan(ind),nan,-nan(ind),0.575,0.575,0
20,0,1.33333,1.33333,1,nan,-nan(ind),-nan(ind),0.575,0.575,0
20,1,1.33333,1.37778,1.03333,nan,-nan(ind),nan,0.575,0.575,0
20,2,1.33333,1.42222,1.06667,nan,-nan(ind),nan,0.575,0.575,0
20,3,1.33333,1.46667,1.1,nan,-nan(ind),nan,0.575,0.575,0
20,4,1.33333,1.51111,1.13333,nan,-nan(ind),nan,0.575,0.575,0
20,5,1.33333,1.55556,1.16667,nan,-nan(ind),nan,0.575,0.575,0
20,6,1.33333,1.6,1.2,nan,nan,-nan(ind),0.575,0.575,0
20,7,1.33333,1.64444,1.23333,-nan(ind),-nan(ind),nan,0.575,0.575,0
20,8,1.33333,1.68889,1.26667,nan,nan,nan,0.575,0.575,0
20,9,1.33333,1.73333,1.3,-nan(ind),-nan(ind),-nan(ind),0.575,0.575,0
20,10,1.33333,1.77778,1.33333,nan,nan,nan,0.575,0.575,0
20,11,1.33333,1.82222,1.36667,-nan(ind),nan,-nan(ind),0.575,0.575,0
20,12,1.33333,1.86667,1.4,-nan(ind),-nan(ind),nan,0.575,0.575,0
20,13,1.33333,1.91111,1.43333,nan,nan,nan,0.575,0.575,0
20,14,1.33333,1.95556,1.46667,-nan(ind),nan,-nan(ind),0.575,0.575,0
20,15,1.33333,2,1.5,-nan(ind),-nan(ind),nan,0.575,0.575,0
20,16,1.33333,2.04444,1.53333,nan,-nan(ind),nan,0.575,0.575,0
20,17,1.33333,2.08889,1.56667,nan,nan,-nan(ind),0.575,0.575,0
20,18,1.33333,2.13333,1.6,-nan(ind),-nan(ind),-nan(ind),0.575,0.575,0
20,19,1.33333,2.17778,1.63333,nan,nan,nan,0.575,0.575,0
20,20,1.33333,2.22222,1.66667,-nan(ind),-nan(ind),-nan(ind),0.575,0.575,0
20,21,1.33333,2.26667,1.7,nan,nan,nan,0.575,0.575,0
20,22,1.33333,2.31111,1.73333,-nan(ind),-nan(ind),-nan(ind),0.575,0.575,0
20,23,1.33333,2.35556,1.76667,nan,nan,nan,0.575,0.575,0
20,24,1.33333,2.4,1.8,-nan(ind),-nan(ind),-nan(ind),0.575,0.575,0
20,25,1.33333,2.44444,1.83333,nan,nan,nan,0.575,0.575,0
20,26,1.33333,2.48889,1.86667,-nan(ind),-nan(ind),-nan(ind),0.575,0.575,0
20,27,1.33333,2.53333,1.9,nan,-nan(ind),nan,0.575,0.575,0
20,28,1.33333,2.57778,1.93333,nan,-nan(ind),-nan(ind),0.575,0.575,0
20,29,1.33333,2.62222,1.96667,nan,-nan(ind),nan,0.575,0.575,0
21,0,1.35,1.35,1,-nan(ind),nan,nan,0.575,0.575,0
21,1,1.35,1.395,1.03333,-nan(ind),nan,-nan(ind),0.575,0.575,0
21,2,1.35,1.44,1.06667,-nan(ind),nan,-nan(ind),0.575,0.575,0
21,3,1.35,1.485,1.1,-nan(ind),nan,-nan(ind),0.575,0.575,0
21,4,1.35,1.53,1.13333,nan,nan,nan,0.575,0.575,0
21,5,1.35,1.575,1.16667,nan,nan,-nan(ind),0.575,0.575,0
21,6,1.35,1.62,1.2,-nan(ind),-nan(ind),nan,0.575,0.575,0
21,7,1.35,1.665,1.23333,nan,nan,-nan(ind),0.575,0.575,0
21,8,1.35,1.71,1.26667,-nan(ind),-nan(ind),-nan(ind),0.575,0.575,0
21,9,1.35,1.755,1.3,nan,nan,nan,0.575,0.575,0
21,10,1.35,1.8,1.33333,-nan(ind),-nan(ind),-nan(ind),0.575,0.575,0
21,11,1.35,1.845,1.36667,nan,-nan(ind),nan,0.575,0.575,0
21,12,1.35,1.89,1.4,nan,nan,-nan(ind),0.575,0.575,0
21,13,1.35,1.935,1.43333,-nan(ind),-nan(ind),-nan(ind),0.575,0.575,0
21,14,1.35,1.98,1.46667,nan,-nan(ind),nan,0.575,0.575,0
21,15,1.35,2.025,1.5,nan,nan,-nan(ind),0.575,0.575,0
21,16,1.35,2.07,1.53333,-nan(ind),nan,-nan(ind),0.575,0.575,0
21,17,1.35,2.115,1.56667,-nan(ind),-nan(ind),nan,0.575,0.575,0
21,18,1.35,2.16,1.6,nan,nan,nan,0.575,0.575,0
21,19,1.35,2.205,1.63333,-nan(ind),-nan(ind),-nan(ind),0.575,0.575,0
21,20,1.35,2.25,1.66667,nan,nan,nan,0.575,0.575,0
21,21,1.35,2.295,1.7,-nan(ind),-nan(ind),-nan(ind),0.575,0.575,0
21,22,1.35,2.34,1.73333,nan,nan,nan,0.575,0.575,0
21,23,1.35,2.385,1.76667,-nan(ind),-nan(ind),-nan(ind),0.575,0.575,0
21,24,1.35,2.43,1.8,nan,nan,nan,0.575,0.575,0
21,25,1.35,2.475,1.83333,-nan(ind),-nan(ind),-nan(ind),0.575,0.575,0
21,26,1.35,2.52,1.86667,nan,nan,nan,0.575,0.575,0
21,27,1.35,2.565,1.9,-nan(ind),nan,-nan(ind),0.575,0.575,0
21,28,1.35,2.61,1.93333,-nan(ind),nan,nan,0.575,0.575,0
21,29,1.35,2.655,1.96667,-nan(ind),nan,-nan(ind),0.575,0.575,0
22,0,1.36667,1.36667,1,nan,-nan(ind),-nan(ind),0.575,0.575,0
22,1,1.36667,1.41222,1.03333,nan,-nan(ind),nan,0.575,0.575,0
22,2,1.36667,1.45778,1.06667,nan,-nan(ind),nan,0.575,0.575,0
22,3,1.36667,1.50333,1.1,nan,nan,nan,0.575,0.575,0
22,4,1.36667,1.54889,1.13333,-nan(ind),nan,-nan(ind),0.575,0.575,0
22,5,1.36667,1.59444,1.16667,-nan(ind),-nan(ind),nan,0.575,0.575,0
22,6,1.36667,1.64,1.2,nan,nan,-nan(ind),0.575,0.575,0
22,7,1.36667,1.68556,1.23333,-nan(ind),-nan(ind),nan,0.575,0.575,0
22,8,1.36667,1.73111,1.26667,nan,nan,nan,0.575,0.575,0
22,9,1.36667,1.77667,1.3,-nan(ind),-nan(ind),-nan(ind),0.575,0.575,0
22,10,1.36667,1.82222,1.33333,nan,nan,nan,0.575,0.575,0
22,11,1.36667,1.86778,1.36667,-nan(ind),nan,-nan(ind),0.575,0.575,0
22,12,1.36667,1.91333,1.4,-nan(ind),-nan(ind),nan,0.575,0.575,0
22,13,1.36667,1.95889,1.43333,nan,nan,nan,0.575,0.575,0
22,14,1.36667,2.00444,1.46667,-nan(ind),nan,-nan(ind),0.575,0.575,0
22,15,1.36667,2.05,1.5,-nan(ind),-nan(ind),nan,0.575,0.575,0
22,16,1.36667,2.09556,1.53333,nan,-nan(ind),nan,0.575,0.575,0
22,17,1.36667,2.14111,1.56667,nan,nan,-nan(ind),0.575,0.575,0
22,18,1.36667,2.18667,1.6,-nan(ind),-nan(ind),-nan(ind),0.575,0.575,0
22,19,1.36667,2.23222,1.63333,nan,nan,nan,0.575,0.575,0
22,20,1.36667,2.27778,1.66667,-nan(ind),-nan(ind),-nan(ind),0.575,0.575,0
22,21,1.36667,2.32333,1.7,nan,nan,nan,0.575,0.575,0
22,22,1.36667,2.36889,1.73333,-nan(ind),-nan(ind),-nan(ind),0.575,0.575,0
22,23,1.36667,2.41444,1.76667,nan,nan,nan,0.575,0.575,0
22,24,1.36667,2.46,1.8,-nan(ind),-nan(ind),-nan(ind),0.575,0.575,0
22,25,1.36667,2.50556,1.83333,nan,nan,nan,0.575,0.575,0
22,26,1.36667,2.55111,1.86667,-nan(ind),-nan(ind),-nan(ind),0.575,0.575,0
22,27,1.36667,2.59667,1.9,nan,-nan(ind),nan,0.575,0.575,0
22,28,1.36667,2.64222,1.93333,nan,-nan(ind),-nan(ind),0.575,0.575,0
22,29,1.36667,2.68778,1.96667,nan,-nan(ind),nan,0.575,0.575,0
23,0,1.38333,1.38333,1,-nan(ind),nan,nan,0.575,0.575,0
23,1,1.38333,1.42944,1.03333,-nan(ind),nan,-nan(ind),0.575,0.575,0
23,2,1.38333,1.47556,1.06667,-nan(ind),nan,-nan(ind),0.575,0.575,0
23,3,1.38333,1.52167,1.1,-nan(ind),-nan(ind),nan,0.575,0.575,0
23,4,1.38333,1.56778,1.13333,nan,-nan(ind),nan,0.575,0.575,0
23,5,1.38333,1.61389,1.16667,nan,nan,-nan(ind),0.575,0.575,0
23,6,1.38333,1.66,1.2,-nan(ind),-nan(ind),nan,0.575,0.575,0
23,7,1.38333,1.70611,1.23333,nan,nan,-nan(ind),0.575,0.575,0
23,8,1.38333,1.75222,1.26667,-nan(ind),-nan(ind),-nan(ind),0.575,0.575,0
23,9,1.38333,1.79833,1.3,nan,nan,nan,0.575,0.575,0
23,10,1.38333,1.84444,1.33333,-nan(ind),-nan(ind),-nan(ind),0.575,0.575,0
23,11,1.38333,1.89056,1.36667,nan,-nan(ind),nan,0.575,0.575,0
23,12,1.38333,1.93667,1.4,nan,nan,-nan(ind),0.575,0.575,0
23,13,1.38333,1.98278,1.43333,-nan(ind),-nan(ind),-nan(ind),0.575,0.575,0
23,14,1.38333,2.02889,1.46667,nan,-nan(ind),nan,0.575,0.575,0
23,15,1.38333,2.075,1.5,nan,nan,-nan(ind),0.575,0.575,0
23,16,1.38333,2.12111,1.53333,-nan(ind),nan,-nan(ind),0.575,0.575,0
23,17,1.38333,2.16722,1.56667,-nan(ind),-nan(ind),nan,0.575,0.575,0
23,18,1.38333,2.21333,1.6,nan,nan,nan,0.575,0.575,0
23,19,1.38333,2.25944,1.63333,-nan(ind),-nan(ind),-nan(ind),0.575,0.575,0
23,20,1.38333,2.30556,1.66667,nan,nan,nan,0.575,0.575,0
23,21,1.38333,2.35167,1.7,-nan(ind),-nan(ind),-nan(ind),0.575,0.575,0
23,22,1.38333,2.39778,1.73333,nan,nan,nan,0.575,0.575,0
23,23,1.38333,2.44389,1.76667,-nan(ind),-nan(ind),-nan(ind),0.575,0.575,0
23,24,1.38333,2.49,1.8,nan,nan,nan,0.575,0.575,0
23,25,1.38333,2.53611,1.83333,-nan(ind),-nan(ind),-nan(ind),0.575,0.575,0
23,26,1.38333,2.58222,1.86667,nan,nan,nan,0.575,0.575,0
23,27,1.38333,2.62833,1.9,-nan(ind),nan,-nan(ind),0.575,0.575,0
23,28,1.38333,2.67444,1.93333,-nan(ind),nan,nan,0.575,0.575,0
23,29,1.38333,2.72056,1.96667,-nan(ind),nan,-nan(ind),0.575,0.575,0
24,0,1.4,1.4,1,nan,-nan(ind),-nan(ind),0.575,0.575,0
24,1,1.4,1.44667,1.03333,nan,-nan(ind),nan,0.575,0.575,0
24,2,1.4,1.49333,1.06667,nan,-nan(ind),nan,0.575,0.575,0
24,3,1.4,1.54,1.1,nan,nan,-nan(ind),0.575,0.575,0
24,4,1.4,1.58667,1.13333,-nan(ind),nan,-nan(ind),0.575,0.575,0
24,5,1.4,1.63333,1.16667,-nan(ind),-nan(ind),nan,0.575,0.575,0
24,6,1.4,1.68,1.2,nan,nan,-nan(ind),0.575,0.575,0
24,7,1.4,1.72667,1.23333,-nan(ind),-nan(ind),nan,0.575,0.575,0
24,8,1.4,1.77333,1.26667,nan,nan,nan,0.575,0.575,0
24,9,1.4,1.82,1.3,-nan(ind),-nan(ind),-nan(ind),0.575,0.575,0
24,10,1.4,1.86667,1.33333,nan,nan,nan,0.575,0.575,0
24,11,1.4,1.91333,1.36667,-nan(ind),nan,-nan(ind),0.575,0.575,0
24,12,1.4,1.96,1.4,-nan(ind),-nan(ind),nan,0.575,0.575,0
24,13,1.4,2.00667,1.43333,nan,nan,nan,0.575,0.575,0
24,14,1.4,2.05333,1.46667,-nan(ind),nan,-nan(ind),0.575,0.575,0
24,15,1.4,2.1,1.5,-nan(ind),-nan(ind),nan,0.575,0.575,0
24,16,1.4,2.14667,1.53333,nan,-nan(ind),nan,0.575,0.575,0
24,17,1.4,2.19333,1.56667,nan,nan,-nan(ind),0.575,0.575,0
24,18,1.4,2.24,1.6,-nan(ind),-nan(ind),-nan(ind),0.575,0.575,0
24,19,1.4,2.28667,1.63333,nan,nan,nan,0.575,0.575,0
24,20,1.4,2.33333,1.66667,-nan(ind),-nan(ind),-nan(ind),0.575,0.575,0
24,21,1.4,2.38,1.7,nan,nan,nan,0.575,0.575,0
24,22,1.4,2.42667,1.73333,-nan(ind),-nan(ind),-nan(ind),0.575,0.575,0
24,23,1.4,2.47333,1.76667,nan,nan,nan,0.575,0.575,0
24,24,1.4,2.52,1.8,-nan(ind),-nan(ind),-nan(ind),0.575,0.575,0
24,25,1.4,2.56667,1.83333,nan,nan,nan,0.575,0.575,0
24,26,1.4,2.61333,1.86667,-nan(ind),-nan(ind),-nan(ind),0.575,0.575,0
24,27,1.4,2.66,1.9,nan,-nan(ind),nan,0.575,0.575,0
24,28,1.4,2.70667,1.93333,nan,-nan(ind),-nan(ind),0.575,0.575,0
24,29,1.4,2.75333,1.96667,nan,-nan(ind),nan,0.575,0.575,0
25,0,1.41667,1.41667,1,-nan(ind),nan,nan,0.575,0.575,0
25,1,1.41667,1.46389,1.03333,nan,nan,nan,0.575,0.575,0
25,2,1.41667,1.51111,1.06667,-nan(ind),nan,-nan(ind),0.575,0.575,0
25,3,1.41667,1.55833,1.1,-nan(ind),-nan(ind),nan,0.575,0.575,0
25,4,1.41667,1.60556,1.13333,nan,-nan(ind),nan,0.575,0.575,0
25,5,1.41667,1.65278,1.16667,nan,nan,-nan(ind),0.575,0.575,0
25,6,1.41667,1.7,1.2,-nan(ind),-nan(ind),nan,0.575,0.575,0
25,7,1.41667,1.74722,1.23333,nan,nan,-nan(ind),0.575,0.575,0
25,8,1.41667,1.79444,1.26667,-nan(ind),-nan(ind),-nan(ind),0.575,0.575,0
25,9,1.41667,1.84167,1.3,nan,nan,nan,0.575,0.575,0
25,10,1.41667,1.88889,1.33333,-nan(ind),-nan(ind),-nan(ind),0.575,0.575,0
25,11,1.41667,1.93611,1.36667,nan,-nan(ind),nan,0.575,0.575,0
25,12,1.41667,1.98333,1.4,nan,nan,-nan(ind),0.575,0.575,0
25,13,1.41667,2.03056,1.43333,-nan(ind),-nan(ind),-nan(ind),0.575,0.575,0
25,14,1.41667,2.07778,1.46667,nan,-nan(ind),nan,0.575,0.575,0
25,15,1.41667,2.125,1.5,nan,nan,-nan(ind),0.575,0.575,0
25,16,1.41667,2.17222,1.53333,-nan(ind),nan,-nan(ind),0.575,0.575,0
25,17,1.41667,2.21944,1.56667,-nan(ind),-nan(ind),nan,0.575,0.575,0
25,18,1.41667,2.26667,1.6,nan,nan,nan,0.575,0.575,0
25,19,1.41667,2.31389,1.63333,-nan(ind),-nan(ind),-nan(ind),0.575,0.575,0
25,20,1.41667,2.36111,1.66667,nan,nan,nan,0.575,0.575,0
25,21,1.41667,2.40833,1.7,-nan(ind),-nan(ind),-nan(ind),0.575,0.575,0
25,22,1.41667,2.45556,1.73333,nan,nan,nan,0.575,0.575,0
25,23,1.41667,2.50278,1.76667,-nan(ind),-nan(ind),-nan(ind),0.575,0.575,0
25,24,1.41667,2.55,1.8,nan,nan,nan,0.575,0.575,0
25,25,1.41667,2.59722,1.83333,-nan(ind),-nan(ind),-nan(ind),0.575,0.575,0
25,26,1.41667,2.64444,1.86667,nan,nan,nan,0.575,0.575,0
25,27,1.41667,2.69167,1.9,-nan(ind),nan,-nan(ind),0.575,0.575,0
25,28,1.41667,2.73889,1.93333,-nan(ind),nan,nan,0.575,0.575,0
25,29,1.41667,2.78611,1.96667,nan,nan,nan,0.575,0.575,0
26,0,1.43333,1.43333,1,nan,nan,-nan(ind),0.575,0.575,0
26,1,1.43333,1.48111,1.03333,-nan(ind),-nan(ind),-nan(ind),0.575,0.575,0
26,2,1.43333,1.52889,1.06667,nan,-nan(ind),nan,0.575,0.575,0
26,3,1.43333,1.57667,1.1,nan,nan,-nan(ind),0.575,0.575,0
26,4,1.43333,1.62444,1.13333,-nan(ind),nan,-nan(ind),0.575,0.575,0
26,5,1.43333,1.67222,1.16667,-nan(ind),-nan(ind),nan,0.575,0.575,0
26,6,1.43333,1.72,1.2,nan,nan,-nan(ind),0.575,0.575,0
26,7,1.43333,1.76778,1.23333,-nan(ind),-nan(ind),nan,0.575,0.575,0
26,8,1.43333,1.81556,1.26667,nan,nan,nan,0.575,0.575,0
26,9,1.43333,1.86333,1.3,-nan(ind),-nan(ind),-nan(ind),0.575,0.575,0
26,10,1.43333,1.91111,1.33333,nan,nan,nan,0.575,0.575,0
26,11,1.43333,1.95889,1.36667,-nan(ind),nan,-nan(ind),0.575,0.575,0
26,12,1.43333,2.00667,1.4,-nan(ind),-nan(ind),nan,0.575,0.575,0
26,13,1.43333,2.05444,1.43333,nan,nan,nan,0.575,0.575,0
26,14,1.43333,2.10222,1.46667,-nan(ind),nan,-nan(ind),0.575,0.575,0
26,15,1.43333,2.15,1.5,-nan(ind),-nan(ind),nan,0.575,0.575,0
26,16,1.43333,2.19778,1.53333,nan,-nan(ind),nan,0.575,0.575,0
26,17,1.43333,2.24556,1.56667,nan,nan,-nan(ind),0.575,0.575,0
26,18,1.43333,2.29333,1.6,-nan(ind),-nan(ind),-nan(ind),0.575,0.575,0
26,19,1.43333,2.34111,1.63333,nan,nan,nan,0.575,0.575,0
26,20,1.43333,2.38889,1.66667,-nan(ind),-nan(ind),-nan(ind),0.575,0.575,0
26,21,1.43333,2.43667,1.7,nan,nan,nan,0.575,0.575,0
26,22,1.43333,2.48444,1.73333,-nan(ind),-nan(ind),-nan(ind),0.575,0.575,0
26,23,1.43333,2.53222,1.76667,nan,nan,nan,0.575,0.575,0
26,24,1.43333,2.58,1.8,-nan(ind),-nan(ind),-nan(ind),0.575,0.575,0
26,25,1.43333,2.62778,1.83333,nan,nan,nan,0.575,0.575,0
26,26,1.43333,2.67556,1.86667,-nan(ind),-nan(ind),-nan(ind),0.575,0.575,0
26,27,1.43333,2.72333,1.9,nan,-nan(ind),nan,0.575,0.575,0
26,28,1.43333,2.77111,1.93333,nan,nan,-nan(ind),0.575,0.575,0
26,29,1.43333,2.81889,1.96667,-nan(ind),-nan(ind),-nan(ind),0.575,0.575,0
27,0,1.45,1.45,1,-nan(ind),-nan(ind),nan,0.575,0.575,0
27,1,1.45,1.49833,1.03333,nan,nan,nan,0.575,0.575,0
27,2,1.45,1.54667,1.06667,-nan(ind),nan,-nan(ind),0.575,0.575,0
27,3,1.45,1.595,1.1,-nan(ind),-nan(ind),nan,0.575,0.575,0
27,4,1.45,1.64333,1.13333,nan,-nan(ind),nan,0.575,0.575,0
27,5,1.45,1.69167,1.16667,nan,nan,-nan(ind),0.575,0.575,0
27,6,1.45,1.74,1.2,-nan(ind),-nan(ind),nan,0.575,0.575,0
27,7,1.45,1.78833,1.23333,nan,nan,-nan(ind),0.575,0.575,0
27,8,1.45,1.83667,1.26667,-nan(ind),-nan(ind),-nan(ind),0.575,0.575,0
27,9,1.45,1.885,1.3,nan,nan,nan,0.575,0.575,0
27,10,1.45,1.93333,1.33333,-nan(ind),-nan(ind),-nan(ind),0.575,0.575,0
27,11,1.45,1.98167,1.36667,nan,-nan(ind),nan,0.575,0.575,0
27,12,1.45,2.03,1.4,nan,nan,-nan(ind),0.575,0.575,0
27,13,1.45,2.07833,1.43333,-nan(ind),-nan(ind),-nan(ind),0.575,0.575,0
27,14,1.45,2.12667,1.46667,nan,-nan(ind),nan,0.575,0.575,0
27,15,1.45,2.175,1.5,nan,nan,-nan(ind),0.575,0.575,0
27,16,1.45,2.22333,1.53333,-nan(ind),nan,-nan(ind),0.575,0.575,0
27,17,1.45,2.27167,1.56667,-nan(ind),-nan(ind),nan,0.575,0.575,0
27,18,1.45,2.32,1.6,nan,nan,nan,0.575,0.575,0
27,19,1.45,2.36833,1.63333,-nan(ind),-nan(ind),-nan(ind),0.575,0.575,0
27,20,1.45,2.41667,1.66667,nan,nan,nan,0.575,0.575,0
27,21,1.45,2.465,1.7,-nan(ind),-nan(ind),-nan(ind),0.575,0.575,0
27,22,1.45,2.51333,1.73333,nan,nan,nan,0.575,0.575,0
27,23,1.45,2.56167,1.76667,-nan(ind),-nan(ind),-nan(ind),0.575,0.575,0
27,24,1.45,2.61,1.8,nan,nan,nan,0.575,0.575,0
27,25,1.45,2.65833,1.83333,-nan(ind),-nan(ind),-nan(ind),0.575,0.575,0
27,26,1.45,2.70667,1.86667,nan,nan,nan,0.575,0.575,0
27,27,1.45,2.755,1.9,-nan(ind),nan,-nan(ind),0.575,0.575,0
27,28,1.45,2.80333,1.93333,-nan(ind),-nan(ind),nan,0.575,0.575,0
27,29,1.45,2.85167,1.96667,nan,nan,nan,0.575,0.575,0
28,0,1.46667,1.46667,1,nan,-nan(ind),-nan(ind),0.575,0.575,0
28,1,1.46667,1.51556,1.03333,-nan(ind),-nan(ind),-nan(ind),0.575,0.575,0
28,2,1.46667,1.56444,1.06667,nan,-nan(ind),nan,0.575,0.575,0
28,3,1.46667,1.61333,1.1,nan,-nan(ind),-nan(ind),0.575,0.575,0
28,4,1.46667,1.66222,1.13333,-nan(ind),-nan(ind),-nan(ind),0.575,0.575,0
28,5,1.46667,1.71111,1.16667,-nan(ind),-nan(ind),nan,0.575,0.575,0
28,6,1.46667,1.76,1.2,nan,-nan(ind),-nan(ind),0.575,0.575,0
28,7,1.46667,1.80889,1.23333,-nan(ind),-nan(ind),nan,0.575,0.575,0
28,8,1.46667,1.85778,1.26667,nan,-nan(ind),nan,0.575,0.575,0
28,9,1.46667,1.90667,1.3,-nan(ind),-nan(ind),-nan(ind),0.575,0.575,0
28,10,1.46667,1.95556,1.33333,nan,-nan(ind),nan,0.575,0.575,0
28,11,1.46667,2.00444,1.36667,-nan(ind),-nan(ind),-nan(ind),0.575,0.575,0
28,12,1.46667,2.05333,1.4,-nan(ind),-nan(ind),nan,0.575,0.575,0
28,13,1.46667,2.10222,1.43333,nan,-nan(ind),nan,0.575,0.575,0
28,14,1.46667,2.15111,1.46667,-nan(ind),-nan(ind),-nan(ind),0.575,0.575,0
28,15,1.46667,2.2,1.5,-nan(ind),-nan(ind),nan,0.575,0.575,0
28,16,1.46667,2.24889,1.53333,nan,-nan(ind),nan,0.575,0.575,0
28,17,1.46667,2.29778,1.56667,nan,-nan(ind),-nan(ind),0.575,0.575,0
28,18,1.46667,2.34667,1.6,-nan(ind),-nan(ind),-nan(ind),0.575,0.575,0
28,19,1.46667,2.39556,1.63333,nan,-nan(ind),nan,0.575,0.575,0
28,20,1.46667,2.44444,1.66667,-nan(ind),-nan(ind),-nan(ind),0.575,0.575,0
28,21,1.46667,2.49333,1.7,nan,-nan(ind),nan,0.575,0.575,0
28,22,1.46667,2.54222,1.73333,-nan(ind),-nan(ind),-nan(ind),0.575,0.575,0
28,23,1.46667,2.59111,1.76667,nan,-nan(ind),nan,0.575,0.575,0
28,24,1.46667,2.64,1.8,-nan(ind),-nan(ind),-nan(ind),0.575,0.575,0
28,25,1.46667,2.68889,1.83333,nan,-nan(ind),nan,0.575,0.575,0
28,26,1.46667,2.73778,1.86667,-nan(ind),-nan(ind),-nan(ind),0.575,0.575,0
28,27,1.46667,2.78667,1.9,nan,-nan(ind),nan,0.575,0.575,0
28,28,1.46667,2.83556,1.93333,nan,-nan(ind),-nan(ind),0.575,0.575,0
28,29,1.46667,2.88444,1.96667,-nan(ind),-nan(ind),-nan(ind),0.575,0.575,0
29,0,1.48333,1.48333,1,-nan(ind),-nan(ind),nan,0.575,0.575,0
29,1,1.48333,1.53278,1.03333,nan,nan,-nan(ind),0.575,0.575,0
29,2,1.48333,1.58222,1.06667,-nan(ind),nan,-nan(ind),0.575,0.575,0
29,3,1.48333,1.63167,1.1,-nan(ind),-nan(ind),nan,0.575,0.575,0
29,4,1.48333,1.68111,1.13333,nan,-nan(ind),nan,0.575,0.575,0
29,5,1.48333,1.73056,1.16667,nan,nan,-nan(ind),0.575,0.575,0
29,6,1.48333,1.78,1.2,-nan(ind),-nan(ind),nan,0.575,0.575,0
29,7,1.48333,1.82944,1.23333,nan,nan,-nan(ind),0.575,0.575,0
29,8,1.48333,1.87889,1.26667,-nan(ind),-nan(ind),-nan(ind),0.575,0.575,0
29,9,1.48333,1.92833,1.3,nan,nan,nan,0.575,0.575,0
29,10,1.48333,1.97778,1.33333,-nan(ind),-nan(ind),-nan(ind),0.575,0.575,0
29,11,1.48333,2.02722,1.36667,nan,-nan(ind),nan,0.575,0.575,0
29,12,1.48333,2.07667,1.4,nan,nan,-nan(ind),0.575,0.575,0
29,13,1.48333,2.12611,1.43333,-nan(ind),-nan(ind),-nan(ind),0.575,0.575,0
29,14,1.48333,2.17556,1.46667,nan,-nan(ind),nan,0.575,0.575,0
29,15,1.48333,2.225,1.5,nan,nan,-nan(ind),0.575,0.575,0
29,16,1.48333,2.27444,1.53333,-nan(ind),nan,-nan(ind),0.575,0.575,0
29,17,1.48333,2.32389,1.56667,-nan(ind),-nan(ind),nan,0.575,0.575,0
29,18,1.48333,2.37333,1.6,nan,nan,nan,0.575,0.575,0
29,19,1.48333,2.42278,1.63333,-nan(ind),-nan(ind),-nan(ind),0.575,0.575,0
29,20,1.48333,2.47222,1.66667,nan,nan,nan,0.575,0.575,0
29,21,1.48333,2.52167,1.7,-nan(ind),-nan(ind),-nan(ind),0.575,0.575,0
29,22,1.48333,2.57111,1.73333,nan,nan,nan,0.575,0.575,0
29,23,1.48333,2.62056,1.76667,-nan(ind),-nan(ind),-nan(ind),0.575,0.575,0
29,24,1.48333,2.67,1.8,nan,nan,nan,0.575,0.575,0
29,25,1.48333,2.71944,1.83333,-nan(ind),-nan(ind),-nan(ind),0.575,0.575,0
29,26,1.48333,2.76889,1.86667,nan,nan,nan,0.575,0.575,0
29,27,1.48333,2.81833,1.9,-nan(ind),nan,-nan(ind),0.575,0.575,0
29,28,1.48333,2.86778,1.93333,-nan(ind),-nan(ind),nan,0.575,0.575,0
29,29,1.48333,2.91722,1.96667,nan,nan,-nan(ind),0.575,0.575,0
