i,j,density,pressure,temperature,velocity_x,velocity_y,velocity_z,magnetic_x,magnetic_y,magnetic_z
0,0,1,1.5,1.5,nan,-nan(ind),-nan(ind),0.5,0.5,0
0,1,1,1.5,1.5,nan,-nan(ind),-nan(ind),0.505,0.505,0
0,2,1,1.5,1.5,-nan(ind),nan,nan,0.51,0.51,0
0,3,1,1.5,1.5,nan,-nan(ind),-nan(ind),0.515,0.515,0
0,4,1,1.5,1.5,-nan(ind),nan,-nan(ind),0.52,0.52,0
0,5,1,1.5,1.5,nan,nan,-nan(ind),0.525,0.525,0
0,6,1,1.5,1.5,-nan(ind),-nan(ind),nan,0.53,0.53,0
0,7,1,1.5,1.5,nan,nan,nan,0.535,0.535,0
0,8,1,1.5,1.5,-nan(ind),-nan(ind),nan,0.54,0.54,0
0,9,1,1.5,1.5,nan,-nan(ind),-nan(ind),0.545,0.545,0
0,10,1,1.5,1.5,nan,nan,-nan(ind),0.55,0.55,0
0,11,1,1.5,1.5,-nan(ind),-nan(ind),nan,0.555,0.555,0
0,12,1,1.5,1.5,nan,nan,-nan(ind),0.56,0.56,0
0,13,1,1.5,1.5,-nan(ind),-nan(ind),nan,0.565,0.565,0
0,14,1,1.5,1.5,nan,nan,-nan(ind),0.57,0.57,0
0,15,1,1.5,1.5,-nan(ind),-nan(ind),nan,0.575,0.575,0
0,16,1,1.5,1.5,nan,nan,-nan(ind),0.58,0.58,0
0,17,1,1.5,1.5,-nan(ind),-nan(ind),nan,0.585,0.585,0
0,18,1,1.5,1.5,nan,nan,-nan(ind),0.59,0.59,0
0,19,1,1.5,1.5,-nan(ind),-nan(ind),nan,0.595,0.595,0
0,20,1,1.5,1.5,nan,nan,-nan(ind),0.6,0.6,0
0,21,1,1.5,1.5,-nan(ind),-nan(ind),nan,0.605,0.605,0
0,22,1,1.5,1.5,nan,nan,-nan(ind),0.61,0.61,0
0,23,1,1.5,1.5,-nan(ind),-nan(ind),nan,0.615,0.615,0
0,24,1,1.5,1.5,nan,nan,-nan(ind),0.62,0.62,0
0,25,1,1.5,1.5,-nan(ind),-nan(ind),nan,0.625,0.625,0
0,26,1,1.5,1.5,nan,nan,-nan(ind),0.63,0.63,0
0,27,1,1.5,1.5,-nan(ind),-nan(ind),nan,0.635,0.635,0
0,28,1,1.5,1.5,nan,-nan(ind),-nan(ind),0.64,0.64,0
0,29,1,1.5,1.5,nan,-nan(ind),-nan(ind),0.645,0.645,0
1,0,1.01667,1.525,1.5,-nan(ind),-nan(ind),nan,0.5,0.5,0
1,1,1.01667,1.525,1.5,-nan(ind),-nan(ind),nan,0.505,0.505,0
1,2,1.01667,1.525,1.5,nan,nan,-nan(ind),0.51,0.51,0
1,3,1.01667,1.525,1.5,-nan(ind),-nan(ind),nan,0.515,0.515,0
1,4,1.01667,1.525,1.5,nan,nan,nan,0.52,0.52,0
1,5,1.01667,1.525,1.5,-nan(ind),-nan(ind),nan,0.525,0.525,0
1,6,1.01667,1.525,1.5,nan,nan,-nan(ind),0.53,0.53,0
1,7,1.01667,1.525,1.5,-nan(ind),-nan(ind),-nan(ind),0.535,0.535,0
1,8,1.01667,1.525,1.5,nan,nan,-nan(ind),0.54,0.54,0
1,9,1.01667,1.525,1.5,-nan(ind),-nan(ind),nan,0.545,0.545,0
1,10,1.01667,1.525,1.5,-nan(ind),-nan(ind),nan,0.55,0.55,0
1,11,1.01667,1.525,1.5,nan,nan,-nan(ind),0.555,0.555,0
1,12,1.01667,1.525,1.5,-nan(ind),-nan(ind),nan,0.56,0.56,0
1,13,1.01667,1.525,1.5,nan,nan,-nan(ind),0.565,0.565,0
1,14,1.01667,1.525,1.5,-nan(ind),-nan(ind),nan,0.57,0.57,0
1,15,1.01667,1.525,1.5,nan,nan,-nan(ind),0.575,0.575,0
1,16,1.01667,1.525,1.5,-nan(ind),-nan(ind),nan,0.58,0.58,0
1,17,1.01667,1.525,1.5,nan,nan,-nan(ind),0.585,0.585,0
1,18,1.01667,1.525,1.5,-nan(ind),-nan(ind),nan,0.59,0.59,0
1,19,1.01667,1.525,1.5,nan,nan,-nan(ind),0.595,0.595,0
1,20,1.01667,1.525,1.5,-nan(ind),-nan(ind),nan,0.6,0.6,0
1,21,1.01667,1.525,1.5,nan,nan,-nan(ind),0.605,0.605,0
1,22,1.01667,1.525,1.5,-nan(ind),-nan(ind),nan,0.61,0.61,0
1,23,1.01667,1.525,1.5,nan,nan,-nan(ind),0.615,0.615,0
1,24,1.01667,1.525,1.5,-nan(ind),-nan(ind),nan,0.62,0.62,0
1,25,1.01667,1.525,1.5,nan,nan,-nan(ind),0.625,0.625,0
1,26,1.01667,1.525,1.5,-nan(ind),-nan(ind),nan,0.63,0.63,0
1,27,1.01667,1.525,1.5,nan,nan,-nan(ind),0.635,0.635,0
1,28,1.01667,1.525,1.5,-nan(ind),-nan(ind),nan,0.64,0.64,0
1,29,1.01667,1.525,1.5,-nan(ind),-nan(ind),nan,0.645,0.645,0
2,0,1.03333,1.55,1.5,nan,nan,-nan(ind),0.5,0.5,0
2,1,1.03333,1.55,1.5,nan,nan,-nan(ind),0.505,0.505,0
2,2,1.03333,1.55,1.5,-nan(ind),-nan(ind),nan,0.51,0.51,0
2,3,1.03333,1.55,1.5,nan,nan,-nan(ind),0.515,0.515,0
2,4,1.03333,1.55,1.5,-nan(ind),-nan(ind),-nan(ind),0.52,0.52,0
2,5,1.03333,1.55,1.5,nan,nan,-nan(ind),0.525,0.525,0
2,6,1.03333,1.55,1.5,-nan(ind),-nan(ind),nan,0.53,0.53,0
2,7,1.03333,1.55,1.5,nan,nan,nan,0.535,0.535,0
2,8,1.03333,1.55,1.5,-nan(ind),-nan(ind),nan,0.54,0.54,0
2,9,1.03333,1.55,1.5,nan,nan,-nan(ind),0.545,0.545,0
2,10,1.03333,1.55,1.5,nan,nan,-nan(ind),0.55,0.55,0
2,11,1.03333,1.55,1.5,-nan(ind),-nan(ind),nan,0.555,0.555,0
2,12,1.03333,1.55,1.5,nan,nan,-nan(ind),0.56,0.56,0
2,13,1.03333,1.55,1.5,-nan(ind),-nan(ind),nan,0.565,0.565,0
2,14,1.03333,1.55,1.5,nan,nan,-nan(ind),0.57,0.57,0
2,15,1.03333,1.55,1.5,-nan(ind),-nan(ind),nan,0.575,0.575,0
2,16,1.03333,1.55,1.5,nan,nan,-nan(ind),0.58,0.58,0
2,17,1.03333,1.55,1.5,-nan(ind),-nan(ind),nan,0.585,0.585,0
2,18,1.03333,1.55,1.5,nan,nan,-nan(ind),0.59,0.59,0
2,19,1.03333,1.55,1.5,-nan(ind),-nan(ind),nan,0.595,0.595,0
2,20,1.03333,1.55,1.5,nan,nan,-nan(ind),0.6,0.6,0
2,21,1.03333,1.55,1.5,-nan(ind),-nan(ind),nan,0.605,0.605,0
2,22,1.03333,1.55,1.5,nan,nan,-nan(ind),0.61,0.61,0
2,23,1.03333,1.55,1.5,-nan(ind),-nan(ind),nan,0.615,0.615,0
2,24,1.03333,1.55,1.5,nan,nan,-nan(ind),0.62,0.62,0
2,25,1.03333,1.55,1.5,-nan(ind),-nan(ind),nan,0.625,0.625,0
2,26,1.03333,1.55,1.5,nan,nan,-nan(ind),0.63,0.63,0
2,27,1.03333,1.55,1.5,-nan(ind),-nan(ind),nan,0.635,0.635,0
2,28,1.03333,1.55,1.5,nan,nan,-nan(ind),0.64,0.64,0
2,29,1.03333,1.55,1.5,nan,nan,-nan(ind),0.645,0.645,0
3,0,1.05,1.575,1.5,-nan(ind),-nan(ind),nan,0.5,0.5,0
3,1,1.05,1.575,1.5,-nan(ind),-nan(ind),nan,0.505,0.505,0
3,2,1.05,1.575,1.5,nan,nan,-nan(ind),0.51,0.51,0
3,3,1.05,1.575,1.5,-nan(ind),-nan(ind),nan,0.515,0.515,0
3,4,1.05,1.575,1.5,nan,nan,nan,0.52,0.52,0
3,5,1.05,1.575,1.5,-nan(ind),-nan(ind),nan,0.525,0.525,0
3,6,1.05,1.575,1.5,nan,nan,-nan(ind),0.53,0.53,0
3,7,1.05,1.575,1.5,-nan(ind),-nan(ind),-nan(ind),0.535,0.535,0
3,8,1.05,1.575,1.5,nan,nan,-nan(ind),0.54,0.54,0
3,9,1.05,1.575,1.5,-nan(ind),-nan(ind),nan,0.545,0.545,0
3,10,1.05,1.575,1.5,-nan(ind),-nan(ind),nan,0.55,0.55,0
3,11,1.05,1.575,1.5,nan,nan,-nan(ind),0.555,0.555,0
3,12,1.05,1.575,1.5,-nan(ind),-nan(ind),nan,0.56,0.56,0
3,13,1.05,1.575,1.5,nan,nan,-nan(ind),0.565,0.565,0
3,14,1.05,1.575,1.5,-nan(ind),-nan(ind),nan,0.57,0.57,0
3,15,1.05,1.575,1.5,nan,nan,-nan(ind),0.575,0.575,0
3,16,1.05,1.575,1.5,-nan(ind),-nan(ind),nan,0.58,0.58,0
3,17,1.05,1.575,1.5,nan,nan,-nan(ind),0.585,0.585,0
3,18,1.05,1.575,1.5,-nan(ind),-nan(ind),nan,0.59,0.59,0
3,19,1.05,1.575,1.5,nan,nan,-nan(ind),0.595,0.595,0
3,20,1.05,1.575,1.5,-nan(ind),-nan(ind),nan,0.6,0.6,0
3,21,1.05,1.575,1.5,nan,nan,-nan(ind),0.605,0.605,0
3,22,1.05,1.575,1.5,-nan(ind),-nan(ind),nan,0.61,0.61,0
3,23,1.05,1.575,1.5,nan,nan,-nan(ind),0.615,0.615,0
3,24,1.05,1.575,1.5,-nan(ind),-nan(ind),nan,0.62,0.62,0
3,25,1.05,1.575,1.5,nan,nan,-nan(ind),0.625,0.625,0
3,26,1.05,1.575,1.5,-nan(ind),-nan(ind),nan,0.63,0.63,0
3,27,1.05,1.575,1.5,nan,nan,-nan(ind),0.635,0.635,0
3,28,1.05,1.575,1.5,-nan(ind),-nan(ind),nan,0.64,0.64,0
3,29,1.05,1.575,1.5,-nan(ind),-nan(ind),nan,0.645,0.645,0
4,0,1.06667,1.6,1.5,nan,nan,-nan(ind),0.5,0.5,0
4,1,1.06667,1.6,1.5,nan,nan,-nan(ind),0.505,0.505,0
4,2,1.06667,1.6,1.5,-nan(ind),-nan(ind),nan,0.51,0.51,0
4,3,1.06667,1.6,1.5,nan,nan,-nan(ind),0.515,0.515,0
4,4,1.06667,1.6,1.5,-nan(ind),-nan(ind),-nan(ind),0.52,0.52,0
4,5,1.06667,1.6,1.5,nan,nan,-nan(ind),0.525,0.525,0
4,6,1.06667,1.6,1.5,-nan(ind),-nan(ind),nan,0.53,0.53,0
4,7,1.06667,1.6,1.5,nan,nan,nan,0.535,0.535,0
4,8,1.06667,1.6,1.5,-nan(ind),-nan(ind),nan,0.54,0.54,0
4,9,1.06667,1.6,1.5,nan,nan,-nan(ind),0.545,0.545,0
4,10,1.06667,1.6,1.5,nan,nan,-nan(ind),0.55,0.55,0
4,11,1.06667,1.6,1.5,-nan(ind),-nan(ind),nan,0.555,0.555,0
4,12,1.06667,1.6,1.5,nan,nan,-nan(ind),0.56,0.56,0
4,13,1.06667,1.6,1.5,-nan(ind),-nan(ind),nan,0.565,0.565,0
4,14,1.06667,1.6,1.5,nan,nan,-nan(ind),0.57,0.57,0
4,15,1.06667,1.6,1.5,-nan(ind),-nan(ind),nan,0.575,0.575,0
4,16,1.06667,1.6,1.5,nan,nan,-nan(ind),0.58,0.58,0
4,17,1.06667,1.6,1.5,-nan(ind),-nan(ind),nan,0.585,0.585,0
4,18,1.06667,1.6,1.5,nan,nan,-nan(ind),0.59,0.59,0
4,19,1.06667,1.6,1.5,-nan(ind),-nan(ind),nan,0.595,0.595,0
4,20,1.06667,1.6,1.5,nan,nan,-nan(ind),0.6,0.6,0
4,21,1.06667,1.6,1.5,-nan(ind),-nan(ind),nan,0.605,0.605,0
4,22,1.06667,1.6,1.5,nan,nan,-nan(ind),0.61,0.61,0
4,23,1.06667,1.6,1.5,-nan(ind),-nan(ind),nan,0.615,0.615,0
4,24,1.06667,1.6,1.5,nan,nan,-nan(ind),0.62,0.62,0
4,25,1.06667,1.6,1.5,-nan(ind),-nan(ind),nan,0.625,0.625,0
4,26,1.06667,1.6,1.5,nan,nan,-nan(ind),0.63,0.63,0
4,27,1.06667,1.6,1.5,-nan(ind),-nan(ind),nan,0.635,0.635,0
4,28,1.06667,1.6,1.5,nan,nan,-nan(ind),0.64,0.64,0
4,29,1.06667,1.6,1.5,nan,nan,-nan(ind),0.645,0.645,0
5,0,1.08333,1.625,1.5,-nan(ind),-nan(ind),nan,0.5,0.5,0
5,1,1.08333,1.625,1.5,-nan(ind),-nan(ind),nan,0.505,0.505,0
5,2,1.08333,1.625,1.5,nan,nan,-nan(ind),0.51,0.51,0
5,3,1.08333,1.625,1.5,-nan(ind),-nan(ind),nan,0.515,0.515,0
5,4,1.08333,1.625,1.5,nan,nan,nan,0.52,0.52,0
5,5,1.08333,1.625,1.5,-nan(ind),-nan(ind),nan,0.525,0.525,0
5,6,1.08333,1.625,1.5,nan,nan,-nan(ind),0.53,0.53,0
5,7,1.08333,1.625,1.5,-nan(ind),-nan(ind),-nan(ind),0.535,0.535,0
5,8,1.08333,1.625,1.5,nan,nan,-nan(ind),0.54,0.54,0
5,9,1.08333,1.625,1.5,-nan(ind),-nan(ind),nan,0.545,0.545,0
5,10,1.08333,1.625,1.5,-nan(ind),-nan(ind),nan,0.55,0.55,0
5,11,1.08333,1.625,1.5,nan,nan,-nan(ind),0.555,0.555,0
5,12,1.08333,1.625,1.5,-nan(ind),-nan(ind),nan,0.56,0.56,0
5,13,1.08333,1.625,1.5,nan,nan,-nan(ind),0.565,0.565,0
5,14,1.08333,1.625,1.5,-nan(ind),-nan(ind),nan,0.57,0.57,0
5,15,1.08333,1.625,1.5,nan,nan,-nan(ind),0.575,0.575,0
5,16,1.08333,1.625,1.5,-nan(ind),-nan(ind),nan,0.58,0.58,0
5,17,1.08333,1.625,1.5,nan,nan,-nan(ind),0.585,0.585,0
5,18,1.08333,1.625,1.5,-nan(ind),-nan(ind),nan,0.59,0.59,0
5,19,1.08333,1.625,1.5,nan,nan,-nan(ind),0.595,0.595,0
5,20,1.08333,1.625,1.5,-nan(ind),-nan(ind),nan,0.6,0.6,0
5,21,1.08333,1.625,1.5,nan,nan,-nan(ind),0.605,0.605,0
5,22,1.08333,1.625,1.5,-nan(ind),-nan(ind),nan,0.61,0.61,0
5,23,1.08333,1.625,1.5,nan,nan,-nan(ind),0.615,0.615,0
5,24,1.08333,1.625,1.5,-nan(ind),-nan(ind),nan,0.62,0.62,0
5,25,1.08333,1.625,1.5,nan,nan,-nan(ind),0.625,0.625,0
5,26,1.08333,1.625,1.5,-nan(ind),-nan(ind),nan,0.63,0.63,0
5,27,1.08333,1.625,1.5,nan,nan,-nan(ind),0.635,0.635,0
5,28,1.08333,1.625,1.5,-nan(ind),-nan(ind),nan,0.64,0.64,0
5,29,1.08333,1.625,1.5,-nan(ind),-nan(ind),nan,0.645,0.645,0
6,0,1.1,1.65,1.5,nan,nan,-nan(ind),0.5,0.5,0
6,1,1.1,1.65,1.5,nan,nan,-nan(ind),0.505,0.505,0
6,2,1.1,1.65,1.5,-nan(ind),-nan(ind),nan,0.51,0.51,0
6,3,1.1,1.65,1.5,nan,nan,-nan(ind),0.515,0.515,0
6,4,1.1,1.65,1.5,-nan(ind),-nan(ind),-nan(ind),0.52,0.52,0
6,5,1.1,1.65,1.5,nan,nan,-nan(ind),0.525,0.525,0
6,6,1.1,1.65,1.5,-nan(ind),-nan(ind),nan,0.53,0.53,0
6,7,1.1,1.65,1.5,nan,nan,nan,0.535,0.535,0
6,8,1.1,1.65,1.5,-nan(ind),-nan(ind),nan,0.54,0.54,0
6,9,1.1,1.65,1.5,nan,nan,-nan(ind),0.545,0.545,0
6,10,1.1,1.65,1.5,nan,nan,-nan(ind),0.55,0.55,0
6,11,1.1,1.65,1.5,-nan(ind),-nan(ind),nan,0.555,0.555,0
6,12,1.1,1.65,1.5,nan,nan,-nan(ind),0.56,0.56,0
6,13,1.1,1.65,1.5,-nan(ind),-nan(ind),nan,0.565,0.565,0
6,14,1.1,1.65,1.5,nan,nan,-nan(ind),0.57,0.57,0
6,15,1.1,1.65,1.5,-nan(ind),-nan(ind),nan,0.575,0.575,0
6,16,1.1,1.65,1.5,nan,nan,-nan(ind),0.58,0.58,0
6,17,1.1,1.65,1.5,-nan(ind),-nan(ind),nan,0.585,0.585,0
6,18,1.1,1.65,1.5,nan,nan,-nan(ind),0.59,0.59,0
6,19,1.1,1.65,1.5,-nan(ind),-nan(ind),nan,0.595,0.595,0
6,20,1.1,1.65,1.5,nan,nan,-nan(ind),0.6,0.6,0
6,21,1.1,1.65,1.5,-nan(ind),-nan(ind),nan,0.605,0.605,0
6,22,1.1,1.65,1.5,nan,nan,-nan(ind),0.61,0.61,0
6,23,1.1,1.65,1.5,-nan(ind),-nan(ind),nan,0.615,0.615,0
6,24,1.1,1.65,1.5,nan,nan,-nan(ind),0.62,0.62,0
6,25,1.1,1.65,1.5,-nan(ind),-nan(ind),nan,0.625,0.625,0
6,26,1.1,1.65,1.5,nan,nan,-nan(ind),0.63,0.63,0
6,27,1.1,1.65,1.5,-nan(ind),-nan(ind),nan,0.635,0.635,0
6,28,1.1,1.65,1.5,nan,nan,-nan(ind),0.64,0.64,0
6,29,1.1,1.65,1.5,nan,nan,-nan(ind),0.645,0.645,0
7,0,1.11667,1.675,1.5,-nan(ind),-nan(ind),nan,0.5,0.5,0
7,1,1.11667,1.675,1.5,-nan(ind),-nan(ind),nan,0.505,0.505,0
7,2,1.11667,1.675,1.5,nan,nan,-nan(ind),0.51,0.51,0
7,3,1.11667,1.675,1.5,-nan(ind),-nan(ind),nan,0.515,0.515,0
7,4,1.11667,1.675,1.5,nan,nan,nan,0.52,0.52,0
7,5,1.11667,1.675,1.5,-nan(ind),-nan(ind),nan,0.525,0.525,0
7,6,1.11667,1.675,1.5,nan,nan,-nan(ind),0.53,0.53,0
7,7,1.11667,1.675,1.5,-nan(ind),-nan(ind),-nan(ind),0.535,0.535,0
7,8,1.11667,1.675,1.5,nan,nan,-nan(ind),0.54,0.54,0
7,9,1.11667,1.675,1.5,-nan(ind),-nan(ind),nan,0.545,0.545,0
7,10,1.11667,1.675,1.5,-nan(ind),-nan(ind),nan,0.55,0.55,0
7,11,1.11667,1.675,1.5,nan,nan,-nan(ind),0.555,0.555,0
7,12,1.11667,1.675,1.5,-nan(ind),-nan(ind),nan,0.56,0.56,0
7,13,1.11667,1.675,1.5,nan,nan,-nan(ind),0.565,0.565,0
7,14,1.11667,1.675,1.5,-nan(ind),-nan(ind),nan,0.57,0.57,0
7,15,1.11667,1.675,1.5,nan,nan,-nan(ind),0.575,0.575,0
7,16,1.11667,1.675,1.5,-nan(ind),-nan(ind),nan,0.58,0.58,0
7,17,1.11667,1.675,1.5,nan,nan,-nan(ind),0.585,0.585,0
7,18,1.11667,1.675,1.5,-nan(ind),-nan(ind),nan,0.59,0.59,0
7,19,1.11667,1.675,1.5,nan,nan,-nan(ind),0.595,0.595,0
7,20,1.11667,1.675,1.5,-nan(ind),-nan(ind),nan,0.6,0.6,0
7,21,1.11667,1.675,1.5,nan,nan,-nan(ind),0.605,0.605,0
7,22,1.11667,1.675,1.5,-nan(ind),-nan(ind),nan,0.61,0.61,0
7,23,1.11667,1.675,1.5,nan,nan,-nan(ind),0.615,0.615,0
7,24,1.11667,1.675,1.5,-nan(ind),-nan(ind),nan,0.62,0.62,0
7,25,1.11667,1.675,1.5,nan,nan,-nan(ind),0.625,0.625,0
7,26,1.11667,1.675,1.5,-nan(ind),-nan(ind),nan,0.63,0.63,0
7,27,1.11667,1.675,1.5,nan,nan,-nan(ind),0.635,0.635,0
7,28,1.11667,1.675,1.5,-nan(ind),-nan(ind),nan,0.64,0.64,0
7,29,1.11667,1.675,1.5,-nan(ind),-nan(ind),nan,0.645,0.645,0
8,0,1.13333,1.7,1.5,nan,nan,-nan(ind),0.5,0.5,0
8,1,1.13333,1.7,1.5,nan,nan,-nan(ind),0.505,0.505,0
8,2,1.13333,1.7,1.5,-nan(ind),-nan(ind),nan,0.51,0.51,0
8,3,1.13333,1.7,1.5,nan,nan,-nan(ind),0.515,0.515,0
8,4,1.13333,1.7,1.5,-nan(ind),-nan(ind),-nan(ind),0.52,0.52,0
8,5,1.13333,1.7,1.5,nan,nan,-nan(ind),0.525,0.525,0
8,6,1.13333,1.7,1.5,-nan(ind),-nan(ind),nan,0.53,0.53,0
8,7,1.13333,1.7,1.5,nan,nan,nan,0.535,0.535,0
8,8,1.13333,1.7,1.5,-nan(ind),-nan(ind),nan,0.54,0.54,0
8,9,1.13333,1.7,1.5,nan,nan,-nan(ind),0.545,0.545,0
8,10,1.13333,1.7,1.5,nan,nan,-nan(ind),0.55,0.55,0
8,11,1.13333,1.7,1.5,-nan(ind),-nan(ind),nan,0.555,0.555,0
8,12,1.13333,1.7,1.5,nan,nan,-nan(ind),0.56,0.56,0
8,13,1.13333,1.7,1.5,-nan(ind),-nan(ind),nan,0.565,0.565,0
8,14,1.13333,1.7,1.5,nan,nan,-nan(ind),0.57,0.57,0
8,15,1.13333,1.7,1.5,-nan(ind),-nan(ind),nan,0.575,0.575,0
8,16,1.13333,1.7,1.5,nan,nan,-nan(ind),0.58,0.58,0
8,17,1.13333,1.7,1.5,-nan(ind),-nan(ind),nan,0.585,0.585,0
8,18,1.13333,1.7,1.5,nan,nan,-nan(ind),0.59,0.59,0
8,19,1.13333,1.7,1.5,-nan(ind),-nan(ind),nan,0.595,0.595,0
8,20,1.13333,1.7,1.5,nan,nan,-nan(ind),0.6,0.6,0
8,21,1.13333,1.7,1.5,-nan(ind),-nan(ind),nan,0.605,0.605,0
8,22,1.13333,1.7,1.5,nan,nan,-nan(ind),0.61,0.61,0
8,23,1.13333,1.7,1.5,-nan(ind),-nan(ind),nan,0.615,0.615,0
8,24,1.13333,1.7,1.5,nan,nan,-nan(ind),0.62,0.62,0
8,25,1.13333,1.7,1.5,-nan(ind),-nan(ind),nan,0.625,0.625,0
8,26,1.13333,1.7,1.5,nan,nan,-nan(ind),0.63,0.63,0
8,27,1.13333,1.7,1.5,-nan(ind),-nan(ind),nan,0.635,0.635,0
8,28,1.13333,1.7,1.5,nan,nan,-nan(ind),0.64,0.64,0
8,29,1.13333,1.7,1.5,nan,nan,-nan(ind),0.645,0.645,0
9,0,1.15,1.725,1.5,-nan(ind),-nan(ind),nan,0.5,0.5,0
9,1,1.15,1.725,1.5,-nan(ind),-nan(ind),nan,0.505,0.505,0
9,2,1.15,1.725,1.5,nan,nan,-nan(ind),0.51,0.51,0
9,3,1.15,1.725,1.5,-nan(ind),-nan(ind),nan,0.515,0.515,0
9,4,1.15,1.725,1.5,nan,nan,nan,0.52,0.52,0
9,5,1.15,1.725,1.5,-nan(ind),-nan(ind),nan,0.525,0.525,0
9,6,1.15,1.725,1.5,nan,nan,-nan(ind),0.53,0.53,0
9,7,1.15,1.725,1.5,-nan(ind),-nan(ind),-nan(ind),0.535,0.535,0
9,8,1.15,1.725,1.5,nan,nan,-nan(ind),0.54,0.54,0
9,9,1.15,1.725,1.5,-nan(ind),-nan(ind),nan,0.545,0.545,0
9,10,1.15,1.725,1.5,-nan(ind),-nan(ind),nan,0.55,0.55,0
9,11,1.15,1.725,1.5,nan,nan,-nan(ind),0.555,0.555,0
9,12,1.15,1.725,1.5,-nan(ind),-nan(ind),nan,0.56,0.56,0
9,13,1.15,1.725,1.5,nan,nan,-nan(ind),0.565,0.565,0
9,14,1.15,1.725,1.5,-nan(ind),-nan(ind),nan,0.57,0.57,0
9,15,1.15,1.725,1.5,nan,nan,-nan(ind),0.575,0.575,0
9,16,1.15,1.725,1.5,-nan(ind),-nan(ind),nan,0.58,0.58,0
9,17,1.15,1.725,1.5,nan,nan,-nan(ind),0.585,0.585,0
9,18,1.15,1.725,1.5,-nan(ind),-nan(ind),nan,0.59,0.59,0
9,19,1.15,1.725,1.5,nan,nan,-nan(ind),0.595,0.595,0
9,20,1.15,1.725,1.5,-nan(ind),-nan(ind),nan,0.6,0.6,0
9,21,1.15,1.725,1.5,nan,nan,-nan(ind),0.605,0.605,0
9,22,1.15,1.725,1.5,-nan(ind),-nan(ind),nan,0.61,0.61,0
9,23,1.15,1.725,1.5,nan,nan,-nan(ind),0.615,0.615,0
9,24,1.15,1.725,1.5,-nan(ind),-nan(ind),nan,0.62,0.62,0
9,25,1.15,1.725,1.5,nan,nan,-nan(ind),0.625,0.625,0
9,26,1.15,1.725,1.5,-nan(ind),-nan(ind),nan,0.63,0.63,0
9,27,1.15,1.725,1.5,nan,nan,-nan(ind),0.635,0.635,0
9,28,1.15,1.725,1.5,-nan(ind),-nan(ind),nan,0.64,0.64,0
9,29,1.15,1.725,1.5,-nan(ind),-nan(ind),nan,0.645,0.645,0
10,0,1.16667,1.75,1.5,nan,nan,-nan(ind),0.5,0.5,0
10,1,1.16667,1.75,1.5,nan,nan,-nan(ind),0.505,0.505,0
10,2,1.16667,1.75,1.5,-nan(ind),-nan(ind),nan,0.51,0.51,0
10,3,1.16667,1.75,1.5,nan,nan,-nan(ind),0.515,0.515,0
10,4,1.16667,1.75,1.5,-nan(ind),-nan(ind),-nan(ind),0.52,0.52,0
10,5,1.16667,1.75,1.5,nan,nan,-nan(ind),0.525,0.525,0
10,6,1.16667,1.75,1.5,-nan(ind),-nan(ind),nan,0.53,0.53,0
10,7,1.16667,1.75,1.5,nan,nan,nan,0.535,0.535,0
10,8,1.16667,1.75,1.5,-nan(ind),-nan(ind),nan,0.54,0.54,0
10,9,1.16667,1.75,1.5,nan,nan,-nan(ind),0.545,0.545,0
10,10,1.16667,1.75,1.5,nan,nan,-nan(ind),0.55,0.55,0
10,11,1.16667,1.75,1.5,-nan(ind),-nan(ind),nan,0.555,0.555,0
10,12,1.16667,1.75,1.5,nan,nan,-nan(ind),0.56,0.56,0
10,13,1.16667,1.75,1.5,-nan(ind),-nan(ind),nan,0.565,0.565,0
10,14,1.16667,1.75,1.5,nan,nan,-nan(ind),0.57,0.57,0
10,15,1.16667,1.75,1.5,-nan(ind),-nan(ind),nan,0.575,0.575,0
10,16,1.16667,1.75,1.5,nan,nan,-nan(ind),0.58,0.58,0
10,17,1.16667,1.75,1.5,-nan(ind),-nan(ind),nan,0.585,0.585,0
10,18,1.16667,1.75,1.5,nan,nan,-nan(ind),0.59,0.59,0
10,19,1.16667,1.75,1.5,-nan(ind),-nan(ind),nan,0.595,0.595,0
10,20,1.16667,1.75,1.5,nan,nan,-nan(ind),0.6,0.6,0
10,21,1.16667,1.75,1.5,-nan(ind),-nan(ind),nan,0.605,0.605,0
10,22,1.16667,1.75,1.5,nan,nan,-nan(ind),0.61,0.61,0
10,23,1.16667,1.75,1.5,-nan(ind),-nan(ind),nan,0.615,0.615,0
10,24,1.16667,1.75,1.5,nan,nan,-nan(ind),0.62,0.62,0
10,25,1.16667,1.75,1.5,-nan(ind),-nan(ind),nan,0.625,0.625,0
10,26,1.16667,1.75,1.5,nan,nan,-nan(ind),0.63,0.63,0
10,27,1.16667,1.75,1.5,-nan(ind),-nan(ind),nan,0.635,0.635,0
10,28,1.16667,1.75,1.5,nan,nan,-nan(ind),0.64,0.64,0
10,29,1.16667,1.75,1.5,nan,nan,-nan(ind),0.645,0.645,0
11,0,1.18333,1.775,1.5,-nan(ind),-nan(ind),nan,0.5,0.5,0
11,1,1.18333,1.775,1.5,-nan(ind),-nan(ind),nan,0.505,0.505,0
11,2,1.18333,1.775,1.5,nan,nan,-nan(ind),0.51,0.51,0
11,3,1.18333,1.775,1.5,-nan(ind),-nan(ind),nan,0.515,0.515,0
11,4,1.18333,1.775,1.5,nan,nan,nan,0.52,0.52,0
11,5,1.18333,1.775,1.5,-nan(ind),-nan(ind),nan,0.525,0.525,0
11,6,1.18333,1.775,1.5,nan,nan,-nan(ind),0.53,0.53,0
11,7,1.18333,1.775,1.5,-nan(ind),-nan(ind),-nan(ind),0.535,0.535,0
11,8,1.18333,1.775,1.5,nan,nan,-nan(ind),0.54,0.54,0
11,9,1.18333,1.775,1.5,-nan(ind),-nan(ind),nan,0.545,0.545,0
11,10,1.18333,1.775,1.5,-nan(ind),-nan(ind),nan,0.55,0.55,0
11,11,1.18333,1.775,1.5,nan,nan,-nan(ind),0.555,0.555,0
11,12,1.18333,1.775,1.5,-nan(ind),-nan(ind),nan,0.56,0.56,0
11,13,1.18333,1.775,1.5,nan,nan,-nan(ind),0.565,0.565,0
11,14,1.18333,1.775,1.5,-nan(ind),-nan(ind),nan,0.57,0.57,0
11,15,1.18333,1.775,1.5,nan,nan,-nan(ind),0.575,0.575,0
11,16,1.18333,1.775,1.5,-nan(ind),-nan(ind),nan,0.58,0.58,0
11,17,1.18333,1.775,1.5,nan,nan,-nan(ind),0.585,0.585,0
11,18,1.18333,1.775,1.5,-nan(ind),-nan(ind),nan,0.59,0.59,0
11,19,1.18333,1.775,1.5,nan,nan,-nan(ind),0.595,0.595,0
11,20,1.18333,1.775,1.5,-nan(ind),-nan(ind),nan,0.6,0.6,0
11,21,1.18333,1.775,1.5,nan,nan,-nan(ind),0.605,0.605,0
11,22,1.18333,1.775,1.5,-nan(ind),-nan(ind),nan,0.61,0.61,0
11,23,1.18333,1.775,1.5,nan,nan,-nan(ind),0.615,0.615,0
11,24,1.18333,1.775,1.5,-nan(ind),-nan(ind),nan,0.62,0.62,0
11,25,1.18333,1.775,1.5,nan,nan,-nan(ind),0.625,0.625,0
11,26,1.18333,1.775,1.5,-nan(ind),-nan(ind),nan,0.63,0.63,0
11,27,1.18333,1.775,1.5,nan,nan,-nan(ind),0.635,0.635,0
11,28,1.18333,1.775,1.5,-nan(ind),-nan(ind),nan,0.64,0.64,0
11,29,1.18333,1.775,1.5,-nan(ind),-nan(ind),nan,0.645,0.645,0
12,0,1.2,1.8,1.5,nan,nan,-nan(ind),0.5,0.5,0
12,1,1.2,1.8,1.5,nan,nan,-nan(ind),0.505,0.505,0
12,2,1.2,1.8,1.5,-nan(ind),-nan(ind),nan,0.51,0.51,0
12,3,1.2,1.8,1.5,nan,nan,-nan(ind),0.515,0.515,0
12,4,1.2,1.8,1.5,-nan(ind),-nan(ind),-nan(ind),0.52,0.52,0
12,5,1.2,1.8,1.5,nan,nan,-nan(ind),0.525,0.525,0
12,6,1.2,1.8,1.5,-nan(ind),-nan(ind),nan,0.53,0.53,0
12,7,1.2,1.8,1.5,nan,nan,nan,0.535,0.535,0
12,8,1.2,1.8,1.5,-nan(ind),-nan(ind),nan,0.54,0.54,0
12,9,1.2,1.8,1.5,nan,nan,-nan(ind),0.545,0.545,0
12,10,1.2,1.8,1.5,nan,nan,-nan(ind),0.55,0.55,0
12,11,1.2,1.8,1.5,-nan(ind),-nan(ind),nan,0.555,0.555,0
12,12,1.2,1.8,1.5,nan,nan,-nan(ind),0.56,0.56,0
12,13,1.2,1.8,1.5,-nan(ind),-nan(ind),nan,0.565,0.565,0
12,14,1.2,1.8,1.5,nan,nan,-nan(ind),0.57,0.57,0
12,15,1.2,1.8,1.5,-nan(ind),-nan(ind),nan,0.575,0.575,0
12,16,1.2,1.8,1.5,nan,nan,-nan(ind),0.58,0.58,0
12,17,1.2,1.8,1.5,-nan(ind),-nan(ind),nan,0.585,0.585,0
12,18,1.2,1.8,1.5,nan,nan,-nan(ind),0.59,0.59,0
12,19,1.2,1.8,1.5,-nan(ind),-nan(ind),nan,0.595,0.595,0
12,20,1.2,1.8,1.5,nan,nan,-nan(ind),0.6,0.6,0
12,21,1.2,1.8,1.5,-nan(ind),-nan(ind),nan,0.605,0.605,0
12,22,1.2,1.8,1.5,nan,nan,-nan(ind),0.61,0.61,0
12,23,1.2,1.8,1.5,-nan(ind),-nan(ind),nan,0.615,0.615,0
12,24,1.2,1.8,1.5,nan,nan,-nan(ind),0.62,0.62,0
12,25,1.2,1.8,1.5,-nan(ind),-nan(ind),nan,0.625,0.625,0
12,26,1.2,1.8,1.5,nan,nan,-nan(ind),0.63,0.63,0
12,27,1.2,1.8,1.5,-nan(ind),-nan(ind),nan,0.635,0.635,0
12,28,1.2,1.8,1.5,nan,nan,-nan(ind),0.64,0.64,0
12,29,1.2,1.8,1.5,nan,nan,-nan(ind),0.645,0.645,0
13,0,1.21667,1.825,1.5,-nan(ind),-nan(ind),nan,0.5,0.5,0
13,1,1.21667,1.825,1.5,-nan(ind),-nan(ind),nan,0.505,0.505,0
13,2,1.21667,1.825,1.5,nan,nan,-nan(ind),0.51,0.51,0
13,3,1.21667,1.825,1.5,-nan(ind),-nan(ind),nan,0.515,0.515,0
13,4,1.21667,1.825,1.5,nan,nan,nan,0.52,0.52,0
13,5,1.21667,1.825,1.5,-nan(ind),-nan(ind),nan,0.525,0.525,0
13,6,1.21667,1.825,1.5,nan,nan,-nan(ind),0.53,0.53,0
13,7,1.21667,1.825,1.5,-nan(ind),-nan(ind),-nan(ind),0.535,0.535,0
13,8,1.21667,1.825,1.5,nan,nan,-nan(ind),0.54,0.54,0
13,9,1.21667,1.825,1.5,-nan(ind),-nan(ind),nan,0.545,0.545,0
13,10,1.21667,1.825,1.5,-nan(ind),-nan(ind),nan,0.55,0.55,0
13,11,1.21667,1.825,1.5,nan,nan,-nan(ind),0.555,0.555,0
13,12,1.21667,1.825,1.5,-nan(ind),-nan(ind),nan,0.56,0.56,0
13,13,1.21667,1.825,1.5,nan,nan,-nan(ind),0.565,0.565,0
13,14,1.21667,1.825,1.5,-nan(ind),-nan(ind),nan,0.57,0.57,0
13,15,1.21667,1.825,1.5,nan,nan,-nan(ind),0.575,0.575,0
13,16,1.21667,1.825,1.5,-nan(ind),-nan(ind),nan,0.58,0.58,0
13,17,1.21667,1.825,1.5,nan,nan,-nan(ind),0.585,0.585,0
13,18,1.21667,1.825,1.5,-nan(ind),-nan(ind),nan,0.59,0.59,0
13,19,1.21667,1.825,1.5,nan,nan,-nan(ind),0.595,0.595,0
13,20,1.21667,1.825,1.5,-nan(ind),-nan(ind),nan,0.6,0.6,0
13,21,1.21667,1.825,1.5,nan,nan,-nan(ind),0.605,0.605,0
13,22,1.21667,1.825,1.5,-nan(ind),-nan(ind),nan,0.61,0.61,0
13,23,1.21667,1.825,1.5,nan,nan,-nan(ind),0.615,0.615,0
13,24,1.21667,1.825,1.5,-nan(ind),-nan(ind),nan,0.62,0.62,0
13,25,1.21667,1.825,1.5,nan,nan,-nan(ind),0.625,0.625,0
13,26,1.21667,1.825,1.5,-nan(ind),-nan(ind),nan,0.63,0.63,0
13,27,1.21667,1.825,1.5,nan,nan,-nan(ind),0.635,0.635,0
13,28,1.21667,1.825,1.5,-nan(ind),-nan(ind),nan,0.64,0.64,0
13,29,1.21667,1.825,1.5,-nan(ind),-nan(ind),nan,0.645,0.645,0
14,0,1.23333,1.85,1.5,nan,nan,-nan(ind),0.5,0.5,0
14,1,1.23333,1.85,1.5,nan,nan,-nan(ind),0.505,0.505,0
14,2,1.23333,1.85,1.5,-nan(ind),-nan(ind),nan,0.51,0.51,0
14,3,1.23333,1.85,1.5,nan,nan,-nan(ind),0.515,0.515,0
14,4,1.23333,1.85,1.5,-nan(ind),-nan(ind),-nan(ind),0.52,0.52,0
14,5,1.23333,1.85,1.5,nan,nan,-nan(ind),0.525,0.525,0
14,6,1.23333,1.85,1.5,-nan(ind),-nan(ind),nan,0.53,0.53,0
14,7,1.23333,1.85,1.5,nan,nan,nan,0.535,0.535,0
14,8,1.23333,1.85,1.5,-nan(ind),-nan(ind),nan,0.54,0.54,0
14,9,1.23333,1.85,1.5,nan,nan,-nan(ind),0.545,0.545,0
14,10,1.23333,1.85,1.5,nan,nan,-nan(ind),0.55,0.55,0
14,11,1.23333,1.85,1.5,-nan(ind),-nan(ind),nan,0.555,0.555,0
14,12,1.23333,1.85,1.5,nan,nan,-nan(ind),0.56,0.56,0
14,13,1.23333,1.85,1.5,-nan(ind),-nan(ind),nan,0.565,0.565,0
14,14,1.23333,1.85,1.5,nan,nan,-nan(ind),0.57,0.57,0
14,15,1.23333,1.85,1.5,-nan(ind),-nan(ind),nan,0.575,0.575,0
14,16,1.23333,1.85,1.5,nan,nan,-nan(ind),0.58,0.58,0
14,17,1.23333,1.85,1.5,-nan(ind),-nan(ind),nan,0.585,0.585,0
14,18,1.23333,1.85,1.5,nan,nan,-nan(ind),0.59,0.59,0
14,19,1.23333,1.85,1.5,-nan(ind),-nan(ind),nan,0.595,0.595,0
14,20,1.23333,1.85,1.5,nan,nan,-nan(ind),0.6,0.6,0
14,21,1.23333,1.85,1.5,-nan(ind),-nan(ind),nan,0.605,0.605,0
14,22,1.23333,1.85,1.5,nan,nan,-nan(ind),0.61,0.61,0
14,23,1.23333,1.85,1.5,-nan(ind),-nan(ind),nan,0.615,0.615,0
14,24,1.23333,1.85,1.5,nan,nan,-nan(ind),0.62,0.62,0
14,25,1.23333,1.85,1.5,-nan(ind),-nan(ind),nan,0.625,0.625,0
14,26,1.23333,1.85,1.5,nan,nan,-nan(ind),0.63,0.63,0
14,27,1.23333,1.85,1.5,-nan(ind),-nan(ind),nan,0.635,0.635,0
14,28,1.23333,1.85,1.5,nan,nan,-nan(ind),0.64,0.64,0
14,29,1.23333,1.85,1.5,nan,nan,-nan(ind),0.645,0.645,0
15,0,1.25,1.875,1.5,-nan(ind),-nan(ind),nan,0.5,0.5,0
15,1,1.25,1.875,1.5,-nan(ind),-nan(ind),nan,0.505,0.505,0
15,2,1.25,1.875,1.5,nan,nan,-nan(ind),0.51,0.51,0
15,3,1.25,1.875,1.5,-nan(ind),-nan(ind),nan,0.515,0.515,0
15,4,1.25,1.875,1.5,nan,nan,nan,0.52,0.52,0
15,5,1.25,1.875,1.5,-nan(ind),-nan(ind),nan,0.525,0.525,0
15,6,1.25,1.875,1.5,nan,nan,-nan(ind),0.53,0.53,0
15,7,1.25,1.875,1.5,-nan(ind),-nan(ind),-nan(ind),0.535,0.535,0
15,8,1.25,1.875,1.5,nan,nan,-nan(ind),0.54,0.54,0
15,9,1.25,1.875,1.5,-nan(ind),-nan(ind),nan,0.545,0.545,0
15,10,1.25,1.875,1.5,-nan(ind),-nan(ind),nan,0.55,0.55,0
15,11,1.25,1.875,1.5,nan,nan,-nan(ind),0.555,0.555,0
15,12,1.25,1.875,1.5,-nan(ind),-nan(ind),nan,0.56,0.56,0
15,13,1.25,1.875,1.5,nan,nan,-nan(ind),0.565,0.565,0
15,14,1.25,1.875,1.5,-nan(ind),-nan(ind),nan,0.57,0.57,0
15,15,1.25,1.875,1.5,nan,nan,-nan(ind),0.575,0.575,0
15,16,1.25,1.875,1.5,-nan(ind),-nan(ind),nan,0.58,0.58,0
15,17,1.25,1.875,1.5,nan,nan,-nan(ind),0.585,0.585,0
15,18,1.25,1.875,1.5,-nan(ind),-nan(ind),nan,0.59,0.59,0
15,19,1.25,1.875,1.5,nan,nan,-nan(ind),0.595,0.595,0
15,20,1.25,1.875,1.5,-nan(ind),-nan(ind),nan,0.6,0.6,0
15,21,1.25,1.875,1.5,nan,nan,-nan(ind),0.605,0.605,0
15,22,1.25,1.875,1.5,-nan(ind),-nan(ind),nan,0.61,0.61,0
15,23,1.25,1.875,1.5,nan,nan,-nan(ind),0.615,0.615,0
15,24,1.25,1.875,1.5,-nan(ind),-nan(ind),nan,0.62,0.62,0
15,25,1.25,1.875,1.5,nan,nan,-nan(ind),0.625,0.625,0
15,26,1.25,1.875,1.5,-nan(ind),-nan(ind),nan,0.63,0.63,0
15,27,1.25,1.875,1.5,nan,nan,-nan(ind),0.635,0.635,0
15,28,1.25,1.875,1.5,-nan(ind),-nan(ind),nan,0.64,0.64,0
15,29,1.25,1.875,1.5,-nan(ind),-nan(ind),nan,0.645,0.645,0
16,0,1.26667,1.9,1.5,nan,nan,-nan(ind),0.5,0.5,0
16,1,1.26667,1.9,1.5,nan,nan,-nan(ind),0.505,0.505,0
16,2,1.26667,1.9,1.5,-nan(ind),-nan(ind),nan,0.51,0.51,0
16,3,1.26667,1.9,1.5,nan,nan,-nan(ind),0.515,0.515,0
16,4,1.26667,1.9,1.5,-nan(ind),-nan(ind),-nan(ind),0.52,0.52,0
16,5,1.26667,1.9,1.5,nan,nan,-nan(ind),0.525,0.525,0
16,6,1.26667,1.9,1.5,-nan(ind),-nan(ind),nan,0.53,0.53,0
16,7,1.26667,1.9,1.5,nan,nan,nan,0.535,0.535,0
16,8,1.26667,1.9,1.5,-nan(ind),-nan(ind),nan,0.54,0.54,0
16,9,1.26667,1.9,1.5,nan,nan,-nan(ind),0.545,0.545,0
16,10,1.26667,1.9,1.5,nan,nan,-nan(ind),0.55,0.55,0
16,11,1.26667,1.9,1.5,-nan(ind),-nan(ind),nan,0.555,0.555,0
16,12,1.26667,1.9,1.5,nan,nan,-nan(ind),0.56,0.56,0
16,13,1.26667,1.9,1.5,-nan(ind),-nan(ind),nan,0.565,0.565,0
16,14,1.26667,1.9,1.5,nan,nan,-nan(ind),0.57,0.57,0
16,15,1.26667,1.9,1.5,-nan(ind),-nan(ind),nan,0.575,0.575,0
16,16,1.26667,1.9,1.5,nan,nan,-nan(ind),0.58,0.58,0
16,17,1.26667,1.9,1.5,-nan(ind),-nan(ind),nan,0.585,0.585,0
16,18,1.26667,1.9,1.5,nan,nan,-nan(ind),0.59,0.59,0
16,19,1.26667,1.9,1.5,-nan(ind),-nan(ind),nan,0.595,0.595,0
16,20,1.26667,1.9,1.5,nan,nan,-nan(ind),0.6,0.6,0
16,21,1.26667,1.9,1.5,-nan(ind),-nan(ind),nan,0.605,0.605,0
16,22,1.26667,1.9,1.5,nan,nan,-nan(ind),0.61,0.61,0
16,23,1.26667,1.9,1.5,-nan(ind),-nan(ind),nan,0.615,0.615,0
16,24,1.26667,1.9,1.5,nan,nan,-nan(ind),0.62,0.62,0
16,25,1.26667,1.9,1.5,-nan(ind),-nan(ind),nan,0.625,0.625,0
16,26,1.26667,1.9,1.5,nan,nan,-nan(ind),0.63,0.63,0
16,27,1.26667,1.9,1.5,-nan(ind),-nan(ind),nan,0.635,0.635,0
16,28,1.26667,1.9,1.5,nan,nan,-nan(ind),0.64,0.64,0
16,29,1.26667,1.9,1.5,nan,nan,-nan(ind),0.645,0.645,0
17,0,1.28333,1.925,1.5,-nan(ind),-nan(ind),nan,0.5,0.5,0
17,1,1.28333,1.925,1.5,-nan(ind),-nan(ind),-nan(ind),0.505,0.505,0
17,2,1.28333,1.925,1.5,nan,nan,-nan(ind),0.51,0.51,0
17,3,1.28333,1.925,1.5,-nan(ind),-nan(ind),-nan(ind),0.515,0.515,0
17,4,1.28333,1.925,1.5,nan,nan,-nan(ind),0.52,0.52,0
17,5,1.28333,1.925,1.5,-nan(ind),-nan(ind),-nan(ind),0.525,0.525,0
17,6,1.28333,1.925,1.5,nan,nan,-nan(ind),0.53,0.53,0
17,7,1.28333,1.925,1.5,-nan(ind),-nan(ind),-nan(ind),0.535,0.535,0
17,8,1.28333,1.925,1.5,nan,nan,-nan(ind),0.54,0.54,0
17,9,1.28333,1.925,1.5,-nan(ind),-nan(ind),nan,0.545,0.545,0
17,10,1.28333,1.925,1.5,-nan(ind),-nan(ind),nan,0.55,0.55,0
17,11,1.28333,1.925,1.5,nan,nan,-nan(ind),0.555,0.555,0
17,12,1.28333,1.925,1.5,-nan(ind),-nan(ind),nan,0.56,0.56,0
17,13,1.28333,1.925,1.5,nan,nan,-nan(ind),0.565,0.565,0
17,14,1.28333,1.925,1.5,-nan(ind),-nan(ind),nan,0.57,0.57,0
17,15,1.28333,1.925,1.5,nan,nan,-nan(ind),0.575,0.575,0
17,16,1.28333,1.925,1.5,-nan(ind),-nan(ind),nan,0.58,0.58,0
17,17,1.28333,1.925,1.5,nan,nan,-nan(ind),0.585,0.585,0
17,18,1.28333,1.925,1.5,-nan(ind),-nan(ind),nan,0.59,0.59,0
17,19,1.28333,1.925,1.5,nan,nan,-nan(ind),0.595,0.595,0
17,20,1.28333,1.925,1.5,-nan(ind),-nan(ind),nan,0.6,0.6,0
17,21,1.28333,1.925,1.5,nan,nan,-nan(ind),0.605,0.605,0
17,22,1.28333,1.925,1.5,-nan(ind),-nan(ind),nan,0.61,0.61,0
17,23,1.28333,1.925,1.5,nan,nan,-nan(ind),0.615,0.615,0
17,24,1.28333,1.925,1.5,-nan(ind),-nan(ind),nan,0.62,0.62,0
17,25,1.28333,1.925,1.5,nan,nan,-nan(ind),0.625,0.625,0
17,26,1.28333,1.925,1.5,-nan(ind),-nan(ind),nan,0.63,0.63,0
17,27,1.28333,1.925,1.5,nan,nan,-nan(ind),0.635,0.635,0
17,28,1.28333,1.925,1.5,-nan(ind),-nan(ind),nan,0.64,0.64,0
17,29,1.28333,1.925,1.5,-nan(ind),-nan(ind),-nan(ind),0.645,0.645,0
18,0,1.3,1.95,1.5,nan,nan,-nan(ind),0.5,0.5,0
18,1,1.3,1.95,1.5,nan,nan,nan,0.505,0.505,0
18,2,1.3,1.95,1.5,-nan(ind),-nan(ind),nan,0.51,0.51,0
18,3,1.3,1.95,1.5,nan,nan,nan,0.515,0.515,0
18,4,1.3,1.95,1.5,-nan(ind),-nan(ind),nan,0.52,0.52,0
18,5,1.3,1.95,1.5,nan,nan,nan,0.525,0.525,0
18,6,1.3,1.95,1.5,-nan(ind),-nan(ind),nan,0.53,0.53,0
18,7,1.3,1.95,1.5,nan,nan,nan,0.535,0.535,0
18,8,1.3,1.95,1.5,-nan(ind),-nan(ind),nan,0.54,0.54,0
18,9,1.3,1.95,1.5,nan,nan,-nan(ind),0.545,0.545,0
18,10,1.3,1.95,1.5,nan,nan,-nan(ind),0.55,0.55,0
18,11,1.3,1.95,1.5,-nan(ind),-nan(ind),nan,0.555,0.555,0
18,12,1.3,1.95,1.5,nan,nan,-nan(ind),0.56,0.56,0
18,13,1.3,1.95,1.5,-nan(ind),-nan(ind),nan,0.565,0.565,0
18,14,1.3,1.95,1.5,nan,nan,-nan(ind),0.57,0.57,0
18,15,1.3,1.95,1.5,-nan(ind),-nan(ind),nan,0.575,0.575,0
18,16,1.3,1.95,1.5,nan,nan,-nan(ind),0.58,0.58,0
18,17,1.3,1.95,1.5,-nan(ind),-nan(ind),nan,0.585,0.585,0
18,18,1.3,1.95,1.5,nan,nan,-nan(ind),0.59,0.59,0
18,19,1.3,1.95,1.5,-nan(ind),-nan(ind),nan,0.595,0.595,0
18,20,1.3,1.95,1.5,nan,nan,-nan(ind),0.6,0.6,0
18,21,1.3,1.95,1.5,-nan(ind),-nan(ind),nan,0.605,0.605,0
18,22,1.3,1.95,1.5,nan,nan,-nan(ind),0.61,0.61,0
18,23,1.3,1.95,1.5,-nan(ind),-nan(ind),nan,0.615,0.615,0
18,24,1.3,1.95,1.5,nan,nan,-nan(ind),0.62,0.62,0
18,25,1.3,1.95,1.5,-nan(ind),-nan(ind),nan,0.625,0.625,0
18,26,1.3,1.95,1.5,nan,nan,-nan(ind),0.63,0.63,0
18,27,1.3,1.95,1.5,-nan(ind),-nan(ind),nan,0.635,0.635,0
18,28,1.3,1.95,1.5,nan,nan,-nan(ind),0.64,0.64,0
18,29,1.3,1.95,1.5,nan,nan,nan,0.645,0.645,0
19,0,1.31667,1.975,1.5,-nan(ind),-nan(ind),nan,0.5,0.5,0
19,1,1.31667,1.975,1.5,-nan(ind),-nan(ind),-nan(ind),0.505,0.505,0
19,2,1.31667,1.975,1.5,-nan(ind),nan,-nan(ind),0.51,0.51,0
19,3,1.31667,1.975,1.5,-nan(ind),-nan(ind),-nan(ind),0.515,0.515,0
19,4,1.31667,1.975,1.5,-nan(ind),nan,-nan(ind),0.52,0.52,0
19,5,1.31667,1.975,1.5,-nan(ind),-nan(ind),-nan(ind),0.525,0.525,0
19,6,1.31667,1.975,1.5,-nan(ind),nan,-nan(ind),0.53,0.53,0
19,7,1.31667,1.975,1.5,-nan(ind),-nan(ind),-nan(ind),0.535,0.535,0
19,8,1.31667,1.975,1.5,nan,nan,-nan(ind),0.54,0.54,0
19,9,1.31667,1.975,1.5,-nan(ind),-nan(ind),nan,0.545,0.545,0
19,10,1.31667,1.975,1.5,-nan(ind),-nan(ind),nan,0.55,0.55,0
19,11,1.31667,1.975,1.5,nan,nan,-nan(ind),0.555,0.555,0
19,12,1.31667,1.975,1.5,-nan(ind),-nan(ind),nan,0.56,0.56,0
19,13,1.31667,1.975,1.5,nan,nan,-nan(ind),0.565,0.565,0
19,14,1.31667,1.975,1.5,-nan(ind),-nan(ind),nan,0.57,0.57,0
19,15,1.31667,1.975,1.5,nan,nan,-nan(ind),0.575,0.575,0
19,16,1.31667,1.975,1.5,-nan(ind),-nan(ind),nan,0.58,0.58,0
19,17,1.31667,1.975,1.5,nan,nan,-nan(ind),0.585,0.585,0
19,18,1.31667,1.975,1.5,-nan(ind),-nan(ind),nan,0.59,0.59,0
19,19,1.31667,1.975,1.5,nan,nan,-nan(ind),0.595,0.595,0
19,20,1.31667,1.975,1.5,-nan(ind),-nan(ind),nan,0.6,0.6,0
19,21,1.31667,1.975,1.5,nan,nan,-nan(ind),0.605,0.605,0
19,22,1.31667,1.975,1.5,-nan(ind),-nan(ind),nan,0.61,0.61,0
19,23,1.31667,1.975,1.5,nan,nan,-nan(ind),0.615,0.615,0
19,24,1.31667,1.975,1.5,-nan(ind),-nan(ind),nan,0.62,0.62,0
19,25,1.31667,1.975,1.5,nan,nan,-nan(ind),0.625,0.625,0
19,26,1.31667,1.975,1.5,-nan(ind),-nan(ind),nan,0.63,0.63,0
19,27,1.31667,1.975,1.5,nan,nan,-nan(ind),0.635,0.635,0
19,28,1.31667,1.975,1.5,-nan(ind),-nan(ind),nan,0.64,0.64,0
19,29,1.31667,1.975,1.5,-nan(ind),-nan(ind),-nan(ind),0.645,0.645,0
20,0,1.33333,2,1.5,nan,nan,-nan(ind),0.5,0.5,0
20,1,1.33333,2,1.5,nan,-nan(ind),nan,0.505,0.505,0
20,2,1.33333,2,1.5,nan,-nan(ind),nan,0.51,0.51,0
20,3,1.33333,2,1.5,nan,-nan(ind),nan,0.515,0.515,0
20,4,1.33333,2,1.5,nan,-nan(ind),nan,0.52,0.52,0
20,5,1.33333,2,1.5,nan,-nan(ind),nan,0.525,0.525,0
20,6,1.33333,2,1.5,nan,-nan(ind),nan,0.53,0.53,0
20,7,1.33333,2,1.5,nan,nan,nan,0.535,0.535,0
20,8,1.33333,2,1.5,-nan(ind),-nan(ind),nan,0.54,0.54,0
20,9,1.33333,2,1.5,nan,nan,-nan(ind),0.545,0.545,0
20,10,1.33333,2,1.5,nan,nan,-nan(ind),0.55,0.55,0
20,11,1.33333,2,1.5,-nan(ind),-nan(ind),nan,0.555,0.555,0
20,12,1.33333,2,1.5,nan,nan,-nan(ind),0.56,0.56,0
20,13,1.33333,2,1.5,-nan(ind),-nan(ind),nan,0.565,0.565,0
20,14,1.33333,2,1.5,nan,nan,-nan(ind),0.57,0.57,0
20,15,1.33333,2,1.5,-nan(ind),-nan(ind),nan,0.575,0.575,0
20,16,1.33333,2,1.5,nan,nan,-nan(ind),0.58,0.58,0
20,17,1.33333,2,1.5,-nan(ind),-nan(ind),nan,0.585,0.585,0
20,18,1.33333,2,1.5,nan,nan,-nan(ind),0.59,0.59,0
20,19,1.33333,2,1.5,-nan(ind),-nan(ind),nan,0.595,0.595,0
20,20,1.33333,2,1.5,nan,nan,-nan(ind),0.6,0.6,0
20,21,1.33333,2,1.5,-nan(ind),-nan(ind),nan,0.605,0.605,0
20,22,1.33333,2,1.5,nan,nan,-nan(ind),0.61,0.61,0
20,23,1.33333,2,1.5,-nan(ind),-nan(ind),nan,0.615,0.615,0
20,24,1.33333,2,1.5,nan,nan,-nan(ind),0.62,0.62,0
20,25,1.33333,2,1.5,-nan(ind),-nan(ind),nan,0.625,0.625,0
20,26,1.33333,2,1.5,nan,nan,-nan(ind),0.63,0.63,0
20,27,1.33333,2,1.5,-nan(ind),-nan(ind),nan,0.635,0.635,0
20,28,1.33333,2,1.5,nan,nan,-nan(ind),0.64,0.64,0
20,29,1.33333,2,1.5,nan,-nan(ind),nan,0.645,0.645,0
21,0,1.35,2.025,1.5,-nan(ind),-nan(ind),nan,0.5,0.5,0
21,1,1.35,2.025,1.5,-nan(ind),nan,-nan(ind),0.505,0.505,0
21,2,1.35,2.025,1.5,-nan(ind),nan,-nan(ind),0.51,0.51,0
21,3,1.35,2.025,1.5,-nan(ind),nan,-nan(ind),0.515,0.515,0
21,4,1.35,2.025,1.5,-nan(ind),nan,-nan(ind),0.52,0.52,0
21,5,1.35,2.025,1.5,-nan(ind),nan,nan,0.525,0.525,0
21,6,1.35,2.025,1.5,nan,nan,-nan(ind),0.53,0.53,0
21,7,1.35,2.025,1.5,-nan(ind),-nan(ind),-nan(ind),0.535,0.535,0
21,8,1.35,2.025,1.5,nan,nan,-nan(ind),0.54,0.54,0
21,9,1.35,2.025,1.5,-nan(ind),-nan(ind),nan,0.545,0.545,0
21,10,1.35,2.025,1.5,-nan(ind),-nan(ind),nan,0.55,0.55,0
21,11,1.35,2.025,1.5,nan,nan,-nan(ind),0.555,0.555,0
21,12,1.35,2.025,1.5,-nan(ind),-nan(ind),nan,0.56,0.56,0
21,13,1.35,2.025,1.5,nan,nan,-nan(ind),0.565,0.565,0
21,14,1.35,2.025,1.5,-nan(ind),-nan(ind),nan,0.57,0.57,0
21,15,1.35,2.025,1.5,nan,nan,-nan(ind),0.575,0.575,0
21,16,1.35,2.025,1.5,-nan(ind),-nan(ind),nan,0.58,0.58,0
21,17,1.35,2.025,1.5,nan,nan,-nan(ind),0.585,0.585,0
21,18,1.35,2.025,1.5,-nan(ind),-nan(ind),nan,0.59,0.59,0
21,19,1.35,2.025,1.5,nan,nan,-nan(ind),0.595,0.595,0
21,20,1.35,2.025,1.5,-nan(ind),-nan(ind),nan,0.6,0.6,0
21,21,1.35,2.025,1.5,nan,nan,-nan(ind),0.605,0.605,0
21,22,1.35,2.025,1.5,-nan(ind),-nan(ind),nan,0.61,0.61,0
21,23,1.35,2.025,1.5,nan,nan,-nan(ind),0.615,0.615,0
21,24,1.35,2.025,1.5,-nan(ind),-nan(ind),nan,0.62,0.62,0
21,25,1.35,2.025,1.5,nan,nan,-nan(ind),0.625,0.625,0
21,26,1.35,2.025,1.5,-nan(ind),-nan(ind),nan,0.63,0.63,0
21,27,1.35,2.025,1.5,nan,nan,-nan(ind),0.635,0.635,0
21,28,1.35,2.025,1.5,-nan(ind),-nan(ind),nan,0.64,0.64,0
21,29,1.35,2.025,1.5,-nan(ind),nan,-nan(ind),0.645,0.645,0
22,0,1.36667,2.05,1.5,nan,nan,-nan(ind),0.5,0.5,0
22,1,1.36667,2.05,1.5,nan,-nan(ind),nan,0.505,0.505,0
22,2,1.36667,2.05,1.5,nan,-nan(ind),nan,0.51,0.51,0
22,3,1.36667,2.05,1.5,nan,-nan(ind),nan,0.515,0.515,0
22,4,1.36667,2.05,1.5,nan,-nan(ind),nan,0.52,0.52,0
22,5,1.36667,2.05,1.5,nan,nan,-nan(ind),0.525,0.525,0
22,6,1.36667,2.05,1.5,-nan(ind),-nan(ind),nan,0.53,0.53,0
22,7,1.36667,2.05,1.5,nan,nan,nan,0.535,0.535,0
22,8,1.36667,2.05,1.5,-nan(ind),-nan(ind),nan,0.54,0.54,0
22,9,1.36667,2.05,1.5,nan,nan,-nan(ind),0.545,0.545,0
22,10,1.36667,2.05,1.5,nan,nan,-nan(ind),0.55,0.55,0
22,11,1.36667,2.05,1.5,-nan(ind),-nan(ind),nan,0.555,0.555,0
22,12,1.36667,2.05,1.5,nan,nan,-nan(ind),0.56,0.56,0
22,13,1.36667,2.05,1.5,-nan(ind),-nan(ind),nan,0.565,0.565,0
22,14,1.36667,2.05,1.5,nan,nan,-nan(ind),0.57,0.57,0
22,15,1.36667,2.05,1.5,-nan(ind),-nan(ind),nan,0.575,0.575,0
22,16,1.36667,2.05,1.5,nan,nan,-nan(ind),0.58,0.58,0
22,17,1.36667,2.05,1.5,-nan(ind),-nan(ind),nan,0.585,0.585,0
22,18,1.36667,2.05,1.5,nan,nan,-nan(ind),0.59,0.59,0
22,19,1.36667,2.05,1.5,-nan(ind),-nan(ind),nan,0.595,0.595,0
22,20,1.36667,2.05,1.5,nan,nan,-nan(ind),0.6,0.6,0
22,21,1.36667,2.05,1.5,-nan(ind),-nan(ind),nan,0.605,0.605,0
22,22,1.36667,2.05,1.5,nan,nan,-nan(ind),0.61,0.61,0
22,23,1.36667,2.05,1.5,-nan(ind),-nan(ind),nan,0.615,0.615,0
22,24,1.36667,2.05,1.5,nan,nan,-nan(ind),0.62,0.62,0
22,25,1.36667,2.05,1.5,-nan(ind),-nan(ind),nan,0.625,0.625,0
22,26,1.36667,2.05,1.5,nan,nan,-nan(ind),0.63,0.63,0
22,27,1.36667,2.05,1.5,-nan(ind),-nan(ind),nan,0.635,0.635,0
22,28,1.36667,2.05,1.5,nan,nan,-nan(ind),0.64,0.64,0
22,29,1.36667,2.05,1.5,nan,-nan(ind),nan,0.645,0.645,0
23,0,1.38333,2.075,1.5,-nan(ind),-nan(ind),nan,0.5,0.5,0
23,1,1.38333,2.075,1.5,-nan(ind),nan,-nan(ind),0.505,0.505,0
23,2,1.38333,2.075,1.5,-nan(ind),nan,-nan(ind),0.51,0.51,0
23,3,1.38333,2.075,1.5,-nan(ind),nan,nan,0.515,0.515,0
23,4,1.38333,2.075,1.5,nan,nan,nan,0.52,0.52,0
23,5,1.38333,2.075,1.5,-nan(ind),-nan(ind),nan,0.525,0.525,0
23,6,1.38333,2.075,1.5,nan,nan,-nan(ind),0.53,0.53,0
23,7,1.38333,2.075,1.5,-nan(ind),-nan(ind),-nan(ind),0.535,0.535,0
23,8,1.38333,2.075,1.5,nan,nan,-nan(ind),0.54,0.54,0
23,9,1.38333,2.075,1.5,-nan(ind),-nan(ind),nan,0.545,0.545,0
23,10,1.38333,2.075,1.5,-nan(ind),-nan(ind),nan,0.55,0.55,0
23,11,1.38333,2.075,1.5,nan,nan,-nan(ind),0.555,0.555,0
23,12,1.38333,2.075,1.5,-nan(ind),-nan(ind),nan,0.56,0.56,0
23,13,1.38333,2.075,1.5,nan,nan,-nan(ind),0.565,0.565,0
23,14,1.38333,2.075,1.5,-nan(ind),-nan(ind),nan,0.57,0.57,0
23,15,1.38333,2.075,1.5,nan,nan,-nan(ind),0.575,0.575,0
23,16,1.38333,2.075,1.5,-nan(ind),-nan(ind),nan,0.58,0.58,0
23,17,1.38333,2.075,1.5,nan,nan,-nan(ind),0.585,0.585,0
23,18,1.38333,2.075,1.5,-nan(ind),-nan(ind),nan,0.59,0.59,0
23,19,1.38333,2.075,1.5,nan,nan,-nan(ind),0.595,0.595,0
23,20,1.38333,2.075,1.5,-nan(ind),-nan(ind),nan,0.6,0.6,0
23,21,1.38333,2.075,1.5,nan,nan,-nan(ind),0.605,0.605,0
23,22,1.38333,2.075,1.5,-nan(ind),-nan(ind),nan,0.61,0.61,0
23,23,1.38333,2.075,1.5,nan,nan,-nan(ind),0.615,0.615,0
23,24,1.38333,2.075,1.5,-nan(ind),-nan(ind),nan,0.62,0.62,0
23,25,1.38333,2.075,1.5,nan,nan,-nan(ind),0.625,0.625,0
23,26,1.38333,2.075,1.5,-nan(ind),-nan(ind),nan,0.63,0.63,0
23,27,1.38333,2.075,1.5,nan,nan,-nan(ind),0.635,0.635,0
23,28,1.38333,2.075,1.5,-nan(ind),-nan(ind),nan,0.64,0.64,0
23,29,1.38333,2.075,1.5,-nan(ind),nan,-nan(ind),0.645,0.645,0
24,0,1.4,2.1,1.5,nan,nan,-nan(ind),0.5,0.5,0
24,1,1.4,2.1,1.5,nan,-nan(ind),nan,0.505,0.505,0
24,2,1.4,2.1,1.5,nan,-nan(ind),nan,0.51,0.51,0
24,3,1.4,2.1,1.5,nan,nan,-nan(ind),0.515,0.515,0
24,4,1.4,2.1,1.5,-nan(ind),-nan(ind),-nan(ind),0.52,0.52,0
24,5,1.4,2.1,1.5,nan,nan,-nan(ind),0.525,0.525,0
24,6,1.4,2.1,1.5,-nan(ind),-nan(ind),nan,0.53,0.53,0
24,7,1.4,2.1,1.5,nan,nan,nan,0.535,0.535,0
24,8,1.4,2.1,1.5,-nan(ind),-nan(ind),nan,0.54,0.54,0
24,9,1.4,2.1,1.5,nan,nan,-nan(ind),0.545,0.545,0
24,10,1.4,2.1,1.5,nan,nan,-nan(ind),0.55,0.55,0
24,11,1.4,2.1,1.5,-nan(ind),-nan(ind),nan,0.555,0.555,0
24,12,1.4,2.1,1.5,nan,nan,-nan(ind),0.56,0.56,0
24,13,1.4,2.1,1.5,-nan(ind),-nan(ind),nan,0.565,0.565,0
24,14,1.4,2.1,1.5,nan,nan,-nan(ind),0.57,0.57,0
24,15,1.4,2.1,1.5,-nan(ind),-nan(ind),nan,0.575,0.575,0
24,16,1.4,2.1,1.5,nan,nan,-nan(ind),0.58,0.58,0
24,17,1.4,2.1,1.5,-nan(ind),-nan(ind),nan,0.585,0.585,0
24,18,1.4,2.1,1.5,nan,nan,-nan(ind),0.59,0.59,0
24,19,1.4,2.1,1.5,-nan(ind),-nan(ind),nan,0.595,0.595,0
24,20,1.4,2.1,1.5,nan,nan,-nan(ind),0.6,0.6,0
24,21,1.4,2.1,1.5,-nan(ind),-nan(ind),nan,0.605,0.605,0
24,22,1.4,2.1,1.5,nan,nan,-nan(ind),0.61,0.61,0
24,23,1.4,2.1,1.5,-nan(ind),-nan(ind),nan,0.615,0.615,0
24,24,1.4,2.1,1.5,nan,nan,-nan(ind),0.62,0.62,0
24,25,1.4,2.1,1.5,-nan(ind),-nan(ind),nan,0.625,0.625,0
24,26,1.4,2.1,1.5,nan,nan,-nan(ind),0.63,0.63,0
24,27,1.4,2.1,1.5,-nan(ind),-nan(ind),nan,0.635,0.635,0
24,28,1.4,2.1,1.5,nan,nan,-nan(ind),0.64,0.64,0
24,29,1.4,2.1,1.5,nan,-nan(ind),nan,0.645,0.645,0
25,0,1.41667,2.125,1.5,-nan(ind),-nan(ind),nan,0.5,0.5,0
25,1,1.41667,2.125,1.5,-nan(ind),nan,nan,0.505,0.505,0
25,2,1.41667,2.125,1.5,nan,nan,-nan(ind),0.51,0.51,0
25,3,1.41667,2.125,1.5,-nan(ind),-nan(ind),nan,0.515,0.515,0
25,4,1.41667,2.125,1.5,nan,nan,nan,0.52,0.52,0
25,5,1.41667,2.125,1.5,-nan(ind),-nan(ind),nan,0.525,0.525,0
25,6,1.41667,2.125,1.5,nan,nan,-nan(ind),0.53,0.53,0
25,7,1.41667,2.125,1.5,-nan(ind),-nan(ind),-nan(ind),0.535,0.535,0
25,8,1.41667,2.125,1.5,nan,nan,-nan(ind),0.54,0.54,0
25,9,1.41667,2.125,1.5,-nan(ind),-nan(ind),nan,0.545,0.545,0
25,10,1.41667,2.125,1.5,-nan(ind),-nan(ind),nan,0.55,0.55,0
25,11,1.41667,2.125,1.5,nan,nan,-nan(ind),0.555,0.555,0
25,12,1.41667,2.125,1.5,-nan(ind),-nan(ind),nan,0.56,0.56,0
25,13,1.41667,2.125,1.5,nan,nan,-nan(ind),0.565,0.565,0
25,14,1.41667,2.125,1.5,-nan(ind),-nan(ind),nan,0.57,0.57,0
25,15,1.41667,2.125,1.5,nan,nan,-nan(ind),0.575,0.575,0
25,16,1.41667,2.125,1.5,-nan(ind),-nan(ind),nan,0.58,0.58,0
25,17,1.41667,2.125,1.5,nan,nan,-nan(ind),0.585,0.585,0
25,18,1.41667,2.125,1.5,-nan(ind),-nan(ind),nan,0.59,0.59,0
25,19,1.41667,2.125,1.5,nan,nan,-nan(ind),0.595,0.595,0
25,20,1.41667,2.125,1.5,-nan(ind),-nan(ind),nan,0.6,0.6,0
25,21,1.41667,2.125,1.5,nan,nan,-nan(ind),0.605,0.605,0
25,22,1.41667,2.125,1.5,-nan(ind),-nan(ind),nan,0.61,0.61,0
25,23,1.41667,2.125,1.5,nan,nan,-nan(ind),0.615,0.615,0
25,24,1.41667,2.125,1.5,-nan(ind),-nan(ind),nan,0.62,0.62,0
25,25,1.41667,2.125,1.5,nan,nan,-nan(ind),0.625,0.625,0
25,26,1.41667,2.125,1.5,-nan(ind),-nan(ind),nan,0.63,0.63,0
25,27,1.41667,2.125,1.5,nan,nan,-nan(ind),0.635,0.635,0
25,28,1.41667,2.125,1.5,-nan(ind),-nan(ind),nan,0.64,0.64,0
25,29,1.41667,2.125,1.5,-nan(ind),nan,nan,0.645,0.645,0
26,0,1.43333,2.15,1.5,nan,-nan(ind),-nan(ind),0.5,0.5,0
26,1,1.43333,2.15,1.5,nan,nan,-nan(ind),0.505,0.505,0
26,2,1.43333,2.15,1.5,-nan(ind),-nan(ind),nan,0.51,0.51,0
26,3,1.43333,2.15,1.5,nan,nan,-nan(ind),0.515,0.515,0
26,4,1.43333,2.15,1.5,-nan(ind),-nan(ind),-nan(ind),0.52,0.52,0
26,5,1.43333,2.15,1.5,nan,nan,-nan(ind),0.525,0.525,0
26,6,1.43333,2.15,1.5,-nan(ind),-nan(ind),nan,0.53,0.53,0
26,7,1.43333,2.15,1.5,nan,nan,nan,0.535,0.535,0
26,8,1.43333,2.15,1.5,-nan(ind),-nan(ind),nan,0.54,0.54,0
26,9,1.43333,2.15,1.5,nan,nan,-nan(ind),0.545,0.545,0
26,10,1.43333,2.15,1.5,nan,nan,-nan(ind),0.55,0.55,0
26,11,1.43333,2.15,1.5,-nan(ind),-nan(ind),nan,0.555,0.555,0
26,12,1.43333,2.15,1.5,nan,nan,-nan(ind),0.56,0.56,0
26,13,1.43333,2.15,1.5,-nan(ind),-nan(ind),nan,0.565,0.565,0
26,14,1.43333,2.15,1.5,nan,nan,-nan(ind),0.57,0.57,0
26,15,1.43333,2.15,1.5,-nan(ind),-nan(ind),nan,0.575,0.575,0
26,16,1.43333,2.15,1.5,nan,nan,-nan(ind),0.58,0.58,0
26,17,1.43333,2.15,1.5,-nan(ind),-nan(ind),nan,0.585,0.585,0
26,18,1.43333,2.15,1.5,nan,nan,-nan(ind),0.59,0.59,0
26,19,1.43333,2.15,1.5,-nan(ind),-nan(ind),nan,0.595,0.595,0
26,20,1.43333,2.15,1.5,nan,nan,-nan(ind),0.6,0.6,0
26,21,1.43333,2.15,1.5,-nan(ind),-nan(ind),nan,0.605,0.605,0
26,22,1.43333,2.15,1.5,nan,nan,-nan(ind),0.61,0.61,0
26,23,1.43333,2.15,1.5,-nan(ind),-nan(ind),nan,0.615,0.615,0
26,24,1.43333,2.15,1.5,nan,nan,-nan(ind),0.62,0.62,0
26,25,1.43333,2.15,1.5,-nan(ind),-nan(ind),nan,0.625,0.625,0
26,26,1.43333,2.15,1.5,nan,nan,-nan(ind),0.63,0.63,0
26,27,1.43333,2.15,1.5,-nan(ind),-nan(ind),nan,0.635,0.635,0
26,28,1.43333,2.15,1.5,nan,-nan(ind),-nan(ind),0.64,0.64,0
26,29,1.43333,2.15,1.5,nan,nan,-nan(ind),0.645,0.645,0
27,0,1.45,2.175,1.5,-nan(ind),nan,nan,0.5,0.5,0
27,1,1.45,2.175,1.5,-nan(ind),-nan(ind),nan,0.505,0.505,0
27,2,1.45,2.175,1.5,nan,nan,-nan(ind),0.51,0.51,0
27,3,1.45,2.175,1.5,-nan(ind),-nan(ind),nan,0.515,0.515,0
27,4,1.45,2.175,1.5,nan,nan,nan,0.52,0.52,0
27,5,1.45,2.175,1.5,-nan(ind),-nan(ind),nan,0.525,0.525,0
27,6,1.45,2.175,1.5,nan,nan,-nan(ind),0.53,0.53,0
27,7,1.45,2.175,1.5,-nan(ind),-nan(ind),-nan(ind),0.535,0.535,0
27,8,1.45,2.175,1.5,nan,nan,-nan(ind),0.54,0.54,0
27,9,1.45,2.175,1.5,-nan(ind),-nan(ind),nan,0.545,0.545,0
27,10,1.45,2.175,1.5,-nan(ind),-nan(ind),nan,0.55,0.55,0
27,11,1.45,2.175,1.5,nan,nan,-nan(ind),0.555,0.555,0
27,12,1.45,2.175,1.5,-nan(ind),-nan(ind),nan,0.56,0.56,0
27,13,1.45,2.175,1.5,nan,nan,-nan(ind),0.565,0.565,0
27,14,1.45,2.175,1.5,-nan(ind),-nan(ind),nan,0.57,0.57,0
27,15,1.45,2.175,1.5,nan,nan,-nan(ind),0.575,0.575,0
27,16,1.45,2.175,1.5,-nan(ind),-nan(ind),nan,0.58,0.58,0
27,17,1.45,2.175,1.5,nan,nan,-nan(ind),0.585,0.585,0
27,18,1.45,2.175,1.5,-nan(ind),-nan(ind),nan,0.59,0.59,0
27,19,1.45,2.175,1.5,nan,nan,-nan(ind),0.595,0.595,0
27,20,1.45,2.175,1.5,-nan(ind),-nan(ind),nan,0.6,0.6,0
27,21,1.45,2.175,1.5,nan,nan,-nan(ind),0.605,0.605,0
27,22,1.45,2.175,1.5,-nan(ind),-nan(ind),nan,0.61,0.61,0
27,23,1.45,2.175,1.5,nan,nan,-nan(ind),0.615,0.615,0
27,24,1.45,2.175,1.5,-nan(ind),-nan(ind),nan,0.62,0.62,0
27,25,1.45,2.175,1.5,nan,nan,-nan(ind),0.625,0.625,0
27,26,1.45,2.175,1.5,-nan(ind),-nan(ind),nan,0.63,0.63,0
27,27,1.45,2.175,1.5,nan,nan,-nan(ind),0.635,0.635,0
27,28,1.45,2.175,1.5,-nan(ind),nan,nan,0.64,0.64,0
27,29,1.45,2.175,1.5,-nan(ind),-nan(ind),nan,0.645,0.645,0
28,0,1.46667,2.2,1.5,nan,-nan(ind),-nan(ind),0.5,0.5,0
28,1,1.46667,2.2,1.5,nan,-nan(ind),-nan(ind),0.505,0.505,0
28,2,1.46667,2.2,1.5,-nan(ind),nan,nan,0.51,0.51,0
28,3,1.46667,2.2,1.5,nan,-nan(ind),-nan(ind),0.515,0.515,0
28,4,1.46667,2.2,1.5,-nan(ind),nan,-nan(ind),0.52,0.52,0
28,5,1.46667,2.2,1.5,nan,nan,-nan(ind),0.525,0.525,0
28,6,1.46667,2.2,1.5,-nan(ind),-nan(ind),nan,0.53,0.53,0
28,7,1.46667,2.2,1.5,nan,nan,nan,0.535,0.535,0
28,8,1.46667,2.2,1.5,-nan(ind),-nan(ind),nan,0.54,0.54,0
28,9,1.46667,2.2,1.5,nan,-nan(ind),-nan(ind),0.545,0.545,0
28,10,1.46667,2.2,1.5,nan,nan,-nan(ind),0.55,0.55,0
28,11,1.46667,2.2,1.5,-nan(ind),-nan(ind),nan,0.555,0.555,0
28,12,1.46667,2.2,1.5,nan,nan,-nan(ind),0.56,0.56,0
28,13,1.46667,2.2,1.5,-nan(ind),-nan(ind),nan,0.565,0.565,0
28,14,1.46667,2.2,1.5,nan,nan,-nan(ind),0.57,0.57,0
28,15,1.46667,2.2,1.5,-nan(ind),-nan(ind),nan,0.575,0.575,0
28,16,1.46667,2.2,1.5,nan,nan,-nan(ind),0.58,0.58,0
28,17,1.46667,2.2,1.5,-nan(ind),-nan(ind),nan,0.585,0.585,0
28,18,1.46667,2.2,1.5,nan,nan,-nan(ind),0.59,0.59,0
28,19,1.46667,2.2,1.5,-nan(ind),-nan(ind),nan,0.595,0.595,0
28,20,1.46667,2.2,1.5,nan,nan,-nan(ind),0.6,0.6,0
28,21,1.46667,2.2,1.5,-nan(ind),-nan(ind),nan,0.605,0.605,0
28,22,1.46667,2.2,1.5,nan,nan,-nan(ind),0.61,0.61,0
28,23,1.46667,2.2,1.5,-nan(ind),-nan(ind),nan,0.615,0.615,0
28,24,1.46667,2.2,1.5,nan,nan,-nan(ind),0.62,0.62,0
28,25,1.46667,2.2,1.5,-nan(ind),-nan(ind),nan,0.625,0.625,0
28,26,1.46667,2.2,1.5,nan,nan,-nan(ind),0.63,0.63,0
28,27,1.46667,2.2,1.5,-nan(ind),-nan(ind),nan,0.635,0.635,0
28,28,1.46667,2.2,1.5,nan,-nan(ind),-nan(ind),0.64,0.64,0
28,29,1.46667,2.2,1.5,nan,-nan(ind),-nan(ind),0.645,0.645,0
29,0,1.48333,2.225,1.5,-nan(ind),-nan(ind),nan,0.5,0.5,0
29,1,1.48333,2.225,1.5,-nan(ind),-nan(ind),nan,0.505,0.505,0
29,2,1.48333,2.225,1.5,nan,nan,-nan(ind),0.51,0.51,0
29,3,1.48333,2.225,1.5,-nan(ind),-nan(ind),nan,0.515,0.515,0
29,4,1.48333,2.225,1.5,nan,nan,nan,0.52,0.52,0
29,5,1.48333,2.225,1.5,-nan(ind),-nan(ind),nan,0.525,0.525,0
29,6,1.48333,2.225,1.5,nan,nan,-nan(ind),0.53,0.53,0
29,7,1.48333,2.225,1.5,-nan(ind),-nan(ind),-nan(ind),0.535,0.535,0
29,8,1.48333,2.225,1.5,nan,nan,-nan(ind),0.54,0.54,0
29,9,1.48333,2.225,1.5,-nan(ind),-nan(ind),nan,0.545,0.545,0
29,10,1.48333,2.225,1.5,-nan(ind),-nan(ind),nan,0.55,0.55,0
29,11,1.48333,2.225,1.5,nan,nan,-nan(ind),0.555,0.555,0
29,12,1.48333,2.225,1.5,-nan(ind),-nan(ind),nan,0.56,0.56,0
29,13,1.48333,2.225,1.5,nan,nan,-nan(ind),0.565,0.565,0
29,14,1.48333,2.225,1.5,-nan(ind),-nan(ind),nan,0.57,0.57,0
29,15,1.48333,2.225,1.5,nan,nan,-nan(ind),0.575,0.575,0
29,16,1.48333,2.225,1.5,-nan(ind),-nan(ind),nan,0.58,0.58,0
29,17,1.48333,2.225,1.5,nan,nan,-nan(ind),0.585,0.585,0
29,18,1.48333,2.225,1.5,-nan(ind),-nan(ind),nan,0.59,0.59,0
29,19,1.48333,2.225,1.5,nan,nan,-nan(ind),0.595,0.595,0
29,20,1.48333,2.225,1.5,-nan(ind),-nan(ind),nan,0.6,0.6,0
29,21,1.48333,2.225,1.5,nan,nan,-nan(ind),0.605,0.605,0
29,22,1.48333,2.225,1.5,-nan(ind),-nan(ind),nan,0.61,0.61,0
29,23,1.48333,2.225,1.5,nan,nan,-nan(ind),0.615,0.615,0
29,24,1.48333,2.225,1.5,-nan(ind),-nan(ind),nan,0.62,0.62,0
29,25,1.48333,2.225,1.5,nan,nan,-nan(ind),0.625,0.625,0
29,26,1.48333,2.225,1.5,-nan(ind),-nan(ind),nan,0.63,0.63,0
29,27,1.48333,2.225,1.5,nan,nan,-nan(ind),0.635,0.635,0
29,28,1.48333,2.225,1.5,-nan(ind),-nan(ind),nan,0.64,0.64,0
29,29,1.48333,2.225,1.5,-nan(ind),-nan(ind),nan,0.645,0.645,0
